"","TriMAP1","TriMAP2"
"1",42.635464,26.073471
"2",-86.98517,-17.955303
"3",73.25946,0.16420077
"4",25.603943,-16.497562
"5",85.29499,18.628023
"6",46.682808,-13.196443
"7",7.030152,-17.422308
"8",25.74809,15.136016
"9",-16.485687,-26.390862
"10",73.939926,29.13902
"11",51.06764,-2.7237964
"12",57.740013,26.653444
"13",5.7764645,-13.743948
"14",-0.31136084,-30.853971
"15",-22.575161,37.545162
"16",-79.9384,-28.249542
"17",43.453213,35.5362
"18",17.129057,-31.541306
"19",-86.75035,-17.899313
"20",43.722378,35.771603
"21",-75.64286,-16.948986
"22",78.38537,-12.793716
"23",-5.553864,31.864603
"24",-84.41568,12.7817335
"25",69.35034,-6.5200205
"26",-68.51631,1.6924562
"27",24.662619,-30.972897
"28",-65.81106,-23.543991
"29",-8.58766,-16.940388
"30",-5.732683,-29.931675
"31",-43.43522,8.287181
"32",-18.769289,-5.336911
"33",-83.50143,16.201466
"34",-55.211464,-3.1281958
"35",-11.576227,-15.874386
"36",54.855682,25.784092
"37",4.526767,-19.284359
"38",86.110176,-16.44734
"39",-44.03177,-3.425104
"40",5.1181006,14.183001
"41",29.895596,-23.898209
"42",85.85656,-16.62291
"43",39.497414,-34.627613
"44",-53.935726,-9.934936
"45",46.658768,-7.3368793
"46",-87.784904,-10.642588
"47",75.81709,22.260458
"48",75.105995,-33.279633
"49",-9.458966,23.787668
"50",-10.981272,28.36802
"51",-34.637424,-1.8235396
"52",-87.48188,-24.704536
"53",19.966702,-2.2383971
"54",85.16668,18.48537
"55",-39.55506,-27.994598
"56",-82.79471,21.133924
"57",-0.524108,7.954126
"58",52.224262,-2.4822524
"59",-17.26072,0.72976035
"60",-75.52956,3.5073104
"61",56.565197,-34.461666
"62",-26.189138,37.193096
"63",30.423672,11.26638
"64",63.296577,30.595598
"65",83.81334,-15.534375
"66",79.094376,-17.174456
"67",-88.71807,-19.732353
"68",68.063,13.103963
"69",-76.48277,24.920033
"70",10.407493,37.175117
"71",4.5120435,-30.914536
"72",-38.86912,19.790178
"73",2.8865573,-0.34438467
"74",-28.550722,-23.51883
"75",-40.713627,-20.587397
"76",64.2496,27.466791
"77",-19.13638,1.6368903
"78",86.8267,-26.166477
"79",-65.90792,22.538927
"80",-18.134954,-8.563781
"81",51.86452,-28.372023
"82",-11.618066,37.615776
"83",79.25672,-26.97678
"84",-80.99788,18.720629
"85",87.00515,9.951082
"86",-88.10897,-18.835588
"87",-53.8053,12.214873
"88",85.46024,10.86168
"89",-84.78703,14.273801
"90",-64.91063,-17.165274
"91",-80.357376,22.95809
"92",-12.792748,37.698
"93",-26.559816,32.855923
"94",-83.890755,11.498866
"95",-81.70383,-4.134318
"96",-20.343374,4.6688204
"97",57.841885,-7.2652073
"98",38.02554,-35.312283
"99",58.72182,-15.6472
"100",44.415146,-34.71611
"101",72.445915,-17.199078
"102",86.95171,-18.256887
"103",83.17169,24.347408
"104",50.52808,-14.534247
"105",-82.614525,23.029728
"106",87.254364,8.274329
"107",31.758265,-5.9585576
"108",14.810603,-24.19245
"109",-27.28277,19.419872
"110",-82.59468,12.464158
"111",25.618444,18.356884
"112",-19.549109,-26.389214
"113",-43.292614,31.467882
"114",74.2619,-20.735449
"115",-59.40953,-6.955344
"116",50.85646,25.637424
"117",-69.01667,1.148667
"118",-25.412365,-7.562769
"119",62.780174,13.676835
"120",81.54652,22.984093
"121",24.906519,-29.299793
"122",0.63177925,-31.060532
"123",78.55918,-27.521767
"124",73.920166,-16.872665
"125",-54.879826,-27.810497
"126",-15.582524,2.5563602
"127",-74.829765,11.111072
"128",74.28335,-17.154911
"129",-70.86321,-20.022291
"130",-9.912143,37.125595
"131",-46.05576,12.776906
"132",-31.601234,5.6895013
"133",31.48549,26.121984
"134",74.87752,15.435843
"135",-66.27053,-5.199336
"136",-14.587847,24.45207
"137",-75.80233,-1.7925516
"138",-56.822983,-26.385756
"139",-14.929347,-3.168907
"140",-65.96749,19.547646
"141",29.630821,6.847103
"142",1.724278,5.57076
"143",84.47248,22.652214
"144",-76.976295,-29.313364
"145",44.707535,-19.63831
"146",-66.21975,-0.7557376
"147",-68.60464,-1.0384768
"148",49.360344,-34.3476
"149",44.087517,21.864496
"150",-58.14979,-0.89308673
"151",-39.54198,-22.012281
"152",31.03054,19.63348
"153",-82.35541,-9.503495
"154",-82.07875,24.28687
"155",-77.38693,-8.43978
"156",67.178635,-34.683243
"157",-19.079836,-7.6425447
"158",-16.781015,38.01179
"159",12.261516,22.32319
"160",-83.47802,-2.6216576
"161",-13.714179,-30.783941
"162",-6.098996,-33.326763
"163",-16.930384,37.56434
"164",0.49950063,2.6671386
"165",-41.418728,31.13007
"166",57.621727,22.240942
"167",83.68982,5.48186
"168",-88.17091,-6.2531657
"169",-23.904749,-2.4278777
"170",7.3218007,37.34811
"171",-71.05725,2.734045
"172",-59.130226,-30.056149
"173",-14.07046,22.890652
"174",-70.89885,4.323338
"175",24.972637,-34.904205
"176",-68.39192,-28.740068
"177",-74.759186,4.5156145
"178",-25.18133,-7.8572774
"179",49.280952,34.063927
"180",-39.993923,33.098675
"181",-81.462296,19.98607
"182",86.80126,9.433959
"183",43.075558,-32.286556
"184",1.9455159,18.955486
"185",-56.939457,-30.032303
"186",6.383121,-10.296839
"187",-85.55338,-16.919992
"188",10.643794,0.95021147
"189",2.0095434,36.453148
"190",22.807423,-21.252134
"191",55.96137,33.173138
"192",-71.59214,18.84165
"193",-60.35463,-3.5197532
"194",-88.24179,-24.532473
"195",-1.1571497,37.75295
"196",12.2958145,-23.838455
"197",-18.750748,35.784744
"198",-87.03358,-18.391232
"199",-70.012596,-19.750908
"200",27.245266,-25.899403
"201",27.46541,-1.2845348
"202",74.13194,12.725929
"203",-59.255566,-10.142321
"204",-73.80272,-29.695251
"205",80.01867,25.711111
"206",46.420475,-23.12271
"207",41.719574,-17.684483
"208",-16.068357,-33.479317
"209",38.39727,-34.916
"210",6.1028056,4.4723144
"211",18.919867,-29.446604
"212",-89.31147,-15.164214
"213",10.643334,21.286293
"214",86.86268,-25.685705
"215",-35.667557,32.583023
"216",80.197784,6.615469
"217",14.808673,-21.242882
"218",57.961136,5.9896617
"219",81.22694,-13.978855
"220",-6.760845,-16.642666
"221",11.331354,14.532985
"222",-1.1967757,22.857643
"223",49.647385,-14.468468
"224",42.983734,-27.709555
"225",87.06409,9.668624
"226",-8.880454,5.900836
"227",5.0596232,36.583347
"228",-51.118942,-30.44399
"229",-16.941833,-4.503861
"230",44.026695,34.79914
"231",-37.778175,-31.783245
"232",16.181913,36.67232
"233",45.17713,-26.105968
"234",80.7147,1.8941259
"235",83.429146,18.580729
"236",-13.993186,22.586096
"237",73.5751,-16.355341
"238",44.789104,15.620837
"239",-42.034767,-9.552787
"240",85.13937,-16.735758
"241",-43.673462,-21.872187
"242",86.243355,9.230538
"243",-57.736736,30.105427
"244",32.334793,-26.189173
"245",-77.00146,-29.450048
"246",78.51014,-12.802351
"247",24.987965,22.870186
"248",80.17033,-26.903288
"249",83.874466,-20.49481
"250",41.257633,9.896344
"251",82.86704,-28.50295
"252",54.0994,-33.455544
"253",35.569843,-24.112627
"254",56.054295,33.14309
"255",-41.6417,16.533178
"256",-35.963375,-32.214634
"257",-51.673885,11.867522
"258",41.456314,-34.29675
"259",-39.709686,-17.89361
"260",-19.767107,-19.945345
"261",-46.654224,24.204082
"262",-49.629715,-20.06486
"263",68.169304,-34.761093
"264",-14.300021,34.130722
"265",-82.23969,24.688196
"266",40.65969,18.96178
"267",-65.29456,-29.904533
"268",-12.550284,-32.229454
"269",69.25529,29.995539
"270",-25.809963,-18.45903
"271",28.855707,14.825912
"272",80.52084,-13.728825
"273",77.83627,16.43056
"274",-84.528404,10.45108
"275",-60.832634,29.135239
"276",81.277916,21.07985
"277",-57.670525,-13.582183
"278",0.37480524,-28.694054
"279",48.277313,-1.6018561
"280",7.9916143,-7.5898457
"281",-35.480648,-20.93925
"282",-63.258102,-8.816766
"283",-82.551704,22.528833
"284",-75.82526,-28.793854
"285",87.16597,-20.802744
"286",-72.74426,-28.230947
"287",-22.669052,31.716692
"288",51.43113,33.683502
"289",-87.52968,-25.190641
"290",-84.60341,-7.0150084
"291",81.295074,-9.748557
"292",44.418903,34.96326
"293",-76.94728,-19.7644
"294",39.308903,35.493946
"295",70.41161,-5.823334
"296",80.959885,-26.913403
"297",-86.41278,-26.017288
"298",-31.571417,-4.9651394
"299",7.2924023,-32.416634
"300",64.99128,31.005703
"301",78.73783,27.96722
"302",43.22085,35.465572
"303",-18.817287,-24.203688
"304",70.36408,-6.5152926
"305",-86.92546,-18.151016
"306",32.058556,9.455924
"307",11.184805,-1.196617
"308",75.30522,13.112205
"309",18.861877,26.165266
"310",-78.38799,25.111837
"311",1.690387,2.1477633
"312",-62.37905,-21.12525
"313",-20.103926,-17.899664
"314",4.984888,10.058423
"315",73.15549,-15.414364
"316",-57.179832,-28.614328
"317",83.554535,23.978058
"318",-11.777304,-28.332792
"319",49.708233,21.877836
"320",76.041534,14.768302
"321",-57.554977,29.22064
"322",85.25355,17.795458
"323",15.984426,35.560013
"324",-42.853333,-28.188087
"325",6.025124,-1.2200875
"326",4.735319,-11.3828335
"327",24.664576,-28.26283
"328",-79.43807,25.324142
"329",-82.30769,20.3939
"330",-77.258354,19.32412
"331",-60.992596,29.214148
"332",-3.4608278,18.031065
"333",42.06016,23.036385
"334",73.30994,-15.276484
"335",-78.39312,12.614859
"336",-28.783504,30.038523
"337",29.04004,-18.964237
"338",41.149467,-34.90389
"339",52.99016,-34.911232
"340",-39.00763,-20.039131
"341",66.39592,-34.80143
"342",20.776672,23.553371
"343",27.76184,-6.242613
"344",-2.7204914,-1.1353526
"345",27.516838,24.02044
"346",-70.11529,-0.2570226
"347",-80.54213,-19.920837
"348",35.344368,-35.453026
"349",-79.24071,-25.478876
"350",52.679295,-34.308144
"351",1.4677593,37.811943
"352",38.559788,-35.653564
"353",-14.470109,31.738064
"354",72.32224,27.16001
"355",-21.039902,-5.693376
"356",-83.08812,21.932016
"357",-60.911064,28.548615
"358",63.487476,13.597294
"359",-79.98351,-28.164267
"360",-55.99431,17.064157
"361",81.61804,23.158264
"362",-44.737736,-27.498865
"363",-81.96976,15.196615
"364",28.077734,-29.89773
"365",70.49573,-4.604355
"366",-48.340305,19.007254
"367",-41.37386,11.874316
"368",-37.28057,32.308083
"369",86.77684,10.845047
"370",26.001202,20.822376
"371",-76.887184,-21.86622
"372",36.633747,-32.664524
"373",82.3664,24.934633
"374",-65.434296,-4.4981995
"375",-32.37908,-22.603548
"376",-16.076902,2.3774116
"377",-9.384494,28.05595
"378",-70.02987,-18.99909
"379",-65.459854,-1.0729505
"380",65.21168,-34.682632
"381",-58.258366,-1.650162
"382",80.92985,-19.083317
"383",84.337456,8.176605
"384",-88.99906,-12.142793
"385",76.703606,13.585137
"386",32.64693,8.842365
"387",86.86371,-18.475695
"388",-67.063934,16.504875
"389",-85.58495,7.4862437
"390",-76.84022,-19.307217
"391",61.38698,27.587692
"392",84.92133,21.490866
"393",-17.616364,-7.9628496
"394",28.269062,15.966716
"395",77.82208,-26.448105
"396",-82.628845,23.51178
"397",-80.347206,15.747946
"398",58.498917,-34.64895
"399",-48.51333,20.57895
"400",2.05011,-20.79238
"401",-44.75682,31.646881
"402",20.680262,-32.762733
"403",-9.899014,38.287308
"404",31.092886,4.1034737
"405",-31.093143,-13.054065
"406",41.849174,-33.35635
"407",-34.921753,-6.165355
"408",47.80583,8.177127
"409",-71.47697,18.063362
"410",-19.351824,-20.398386
"411",86.5691,-25.884007
"412",86.32601,-26.152756
"413",13.730684,-3.910539
"414",48.53933,-28.53675
"415",-8.7273445,-8.387727
"416",6.7094884,-10.849561
"417",-83.29449,-27.584644
"418",-13.9087305,-29.24114
"419",-42.67415,-20.838326
"420",-35.54484,29.79953
"421",-45.591095,-9.66653
"422",-3.8544672,2.3949666
"423",37.09798,-35.76868
"424",86.06078,-19.399996
"425",79.79891,-26.509226
"426",-49.556416,16.864458
"427",79.111885,24.002087
"428",-23.662369,37.18055
"429",-11.623289,38.232822
"430",-79.70811,-11.225581
"431",-19.65523,23.232203
"432",41.12967,-34.442814
"433",47.716614,-26.763397
"434",19.365461,-0.018014433
"435",-73.43871,19.360832
"436",75.87434,25.306265
"437",-86.48239,1.4439195
"438",-11.528272,29.060308
"439",-81.10402,24.49011
"440",74.885216,-32.96348
"441",-70.89722,26.032976
"442",-26.968372,35.95402
"443",83.00503,4.1796026
"444",-39.6024,-30.552492
"445",-16.963972,21.457367
"446",83.71817,-17.75628
"447",-9.079118,21.67602
"448",85.19402,14.790025
"449",-2.066757,-30.392075
"450",-67.54111,6.2134905
"451",46.97663,33.476326
"452",35.000263,32.567398
"453",-78.20503,-5.3229527
"454",-79.22092,-20.992254
"455",-48.71574,31.730768
"456",34.16825,35.667725
"457",78.04104,12.815904
"458",-75.16852,-29.612804
"459",-57.551857,13.698986
"460",10.374207,37.093266
"461",-78.11787,25.518452
"462",-16.111948,3.1773045
"463",76.8995,-19.504871
"464",84.965034,20.948357
"465",-34.057827,12.812501
"466",23.25541,14.752904
"467",-61.495766,29.04484
"468",-16.941462,-19.15835
"469",-21.748735,37.347546
"470",45.98728,21.497717
"471",-57.08156,15.314891
"472",78.80285,-24.493534
"473",-85.90345,-10.271174
"474",87.08746,9.789082
"475",30.079153,29.605772
"476",-44.575012,-31.873966
"477",12.000612,-2.9251945
"478",4.9825535,10.469345
"479",-0.37558705,-19.445547
"480",64.51245,31.066786
"481",-85.83811,3.4989142
"482",84.39906,15.341265
"483",78.9566,27.739155
"484",-14.179169,-27.90036
"485",73.570625,-10.75677
"486",72.65391,-33.638092
"487",67.447876,12.725618
"488",-39.497734,26.843706
"489",-88.098145,-10.905023
"490",-4.93429,-1.3149004
"491",32.979794,-33.489983
"492",79.38804,-28.568188
"493",-78.95231,-28.32562
"494",-85.0858,-5.591855
"495",-53.32321,-10.565447
"496",-17.076647,35.133175
"497",-88.41512,-23.43389
"498",49.30961,-1.3498834
"499",-40.068954,-31.068394
"500",74.319176,0.567169
"501",39.70387,-8.414973
"502",67.75,-5.457222
"503",80.832565,-22.880232
"504",65.99871,-4.0059566
"505",-23.124886,15.096511
"506",51.039085,0.15801008
"507",-71.42723,9.543147
"508",-27.538496,29.453007
"509",71.95591,-16.576836
"510",-21.477587,-33.334435
"511",-29.884058,30.608383
"512",-10.599606,22.672323
"513",30.540554,-31.887297
"514",63.424664,12.374863
"515",-62.547718,-28.246054
"516",-80.60057,-28.452543
"517",-79.57627,-1.0074171
"518",48.103653,-13.775028
"519",-18.520283,-7.4382653
"520",-58.002304,-2.9329305
"521",0.20484366,-28.39738
"522",-48.26919,16.515621
"523",-86.33016,-8.904031
"524",-17.044716,1.7187341
"525",-20.001553,-12.482639
"526",-10.506539,-32.482292
"527",-30.297003,35.55832
"528",-84.166954,-19.37351
"529",85.970085,-26.51796
"530",-59.102104,-26.76962
"531",-54.65171,-28.54128
"532",-37.35474,5.189595
"533",-11.649569,-20.12183
"534",36.699806,-10.562444
"535",11.107592,-29.367702
"536",-80.999435,-4.601911
"537",-62.029354,28.888292
"538",73.39076,28.56195
"539",-66.18912,26.14104
"540",-72.01317,16.5122
"541",-21.688086,29.174982
"542",75.76618,24.87532
"543",80.98851,17.832537
"544",-69.8581,19.20476
"545",41.8836,35.27033
"546",-40.113213,-21.830917
"547",-88.77721,-16.694859
"548",-14.822714,-12.6259365
"549",24.889494,-5.8440075
"550",-80.79669,18.622168
"551",28.04249,-31.923477
"552",82.57298,-1.841986
"553",-19.915676,-5.551287
"554",-11.421288,22.142933
"555",63.329292,12.704427
"556",-80.624855,18.183758
"557",-84.463264,-6.675964
"558",-9.261703,38.47123
"559",-77.19696,25.226719
"560",-44.017525,-30.01072
"561",-89.04574,-13.560626
"562",47.56226,1.1962888
"563",69.44313,-9.858703
"564",-67.85546,13.253856
"565",80.42927,27.37339
"566",47.716686,-2.2849534
"567",-88.34336,-14.458254
"568",-47.51409,17.911814
"569",55.33472,-34.131832
"570",82.829445,-23.116377
"571",9.969824,36.954372
"572",-57.556,-28.996033
"573",1.8100296,-16.60291
"574",76.000984,28.355783
"575",77.79655,-8.972729
"576",71.81078,-31.736002
"577",-9.113521,38.174023
"578",-19.23326,7.908625
"579",67.0312,29.241163
"580",-23.530975,37.582947
"581",67.74749,-5.4949846
"582",-31.35836,17.495289
"583",77.79087,-14.409779
"584",-79.57228,-21.597023
"585",-31.242458,13.650742
"586",-67.19553,-23.935408
"587",82.822266,-16.725395
"588",69.05963,-34.38796
"589",-3.59538,-33.42416
"590",85.15807,-24.454395
"591",-79.2089,18.895767
"592",-80.99964,-26.458988
"593",72.93062,-33.63285
"594",-35.940002,34.5817
"595",5.118384,17.59482
"596",-79.96192,24.81215
"597",-16.303852,21.124573
"598",5.3491006,-11.112532
"599",81.32361,7.7004147
"600",3.9383037,16.674223
"601",8.683784,-19.182709
"602",-73.484726,0.34198427
"603",-23.687233,-15.678798
"604",-16.326105,-31.537764
"605",8.166323,-19.824343
"606",68.25372,-3.2747343
"607",86.36826,-24.082792
"608",-48.698086,18.57812
"609",86.12128,12.040362
"610",-80.064415,-19.843866
"611",85.48285,-26.064766
"612",-86.95461,-9.223843
"613",4.9329715,18.053923
"614",66.21988,30.087706
"615",-87.959145,-19.197891
"616",86.769844,9.86298
"617",-21.239126,37.354702
"618",72.30419,-9.438769
"619",55.13873,12.612828
"620",-37.444565,8.180804
"621",-86.78061,-25.917307
"622",84.69902,8.108228
"623",-24.916351,15.876791
"624",77.871475,-15.001068
"625",81.87637,3.7162647
"626",-33.40761,-18.575802
"627",-7.270184,-18.031921
"628",49.21959,-15.620343
"629",48.117638,34.273735
"630",27.116173,-34.279953
"631",2.32865,-18.600222
"632",-70.19104,17.093487
"633",74.17987,-33.343338
"634",-81.65081,24.264786
"635",75.27613,27.05257
"636",23.482409,-31.296762
"637",-13.571105,22.484528
"638",8.7114935,-18.415932
"639",-54.915447,20.264296
"640",78.19672,-31.841122
"641",74.780174,-33.385296
"642",4.9021945,-15.578638
"643",-81.276596,-6.195564
"644",-79.536606,18.003613
"645",56.17122,-33.544353
"646",26.437866,-6.8533583
"647",83.79528,23.031649
"648",85.62141,-14.004355
"649",3.5565293,18.304266
"650",-26.617159,11.622811
"651",36.96226,-35.795383
"652",16.682129,36.810074
"653",48.58457,-15.839589
"654",-9.011901,22.0575
"655",-41.948048,-24.008146
"656",46.326015,-18.092083
"657",74.37518,-16.754515
"658",45.78659,34.819126
"659",86.529366,-16.169554
"660",2.5120435,-5.949438
"661",-16.344616,-25.251272
"662",31.351439,-8.137056
"663",85.69631,8.237076
"664",14.296099,-34.193203
"665",75.00386,28.432272
"666",-82.21512,-27.744747
"667",12.867297,35.214443
"668",-81.16134,-28.430199
"669",-24.034426,23.386507
"670",58.057037,25.48382
"671",81.75725,23.595839
"672",27.246017,-10.81667
"673",30.943872,-4.9564257
"674",-88.232086,-12.070203
"675",87.01499,-24.421219
"676",56.554493,26.744894
"677",35.07197,14.308369
"678",-73.51462,21.960667
"679",85.056496,21.315443
"680",78.437454,-20.45919
"681",37.506466,35.80369
"682",80.22717,27.59573
"683",14.568252,-20.835527
"684",-37.49442,15.346467
"685",78.83712,-28.881916
"686",-86.77831,-25.8721
"687",-37.52442,30.41754
"688",87.09323,-25.55369
"689",-43.17725,-23.570257
"690",-71.99961,-29.810863
"691",-76.40662,-16.46223
"692",-62.68239,-26.172768
"693",-82.58341,-27.546392
"694",24.37253,-20.309603
"695",14.406673,-7.526845
"696",-68.86466,2.238279
"697",79.79476,-17.672024
"698",25.494509,13.101326
"699",28.90433,-8.55583
"700",-21.228247,37.6949
"701",66.72373,13.68566
"702",73.408356,28.64852
"703",-85.39946,7.031939
"704",-87.35252,-17.669834
"705",49.056435,34.24467
"706",49.37917,-0.57951355
"707",26.291538,-31.9287
"708",42.89627,-26.878302
"709",-33.88028,16.782898
"710",-54.26889,-28.405527
"711",79.61889,23.583187
"712",-65.677795,-30.025635
"713",-20.7964,17.06545
"714",67.53597,13.110489
"715",-52.54551,30.77501
"716",-35.05506,30.432093
"717",35.921314,28.135403
"718",-79.17857,-3.2348588
"719",-18.70597,36.392296
"720",-85.52966,-8.1146345
"721",76.0101,-32.872433
"722",-27.961782,-33.03004
"723",-27.696575,21.979248
"724",-89.32145,-13.298921
"725",18.682434,-27.16625
"726",-55.5007,2.7621415
"727",51.266197,-24.98274
"728",-8.46507,27.973589
"729",18.954695,30.479885
"730",80.25398,-19.46702
"731",54.030968,30.928768
"732",-30.441072,16.327099
"733",50.491203,-13.650099
"734",28.724777,7.61491
"735",28.212414,2.4425967
"736",81.64474,22.652334
"737",-50.280167,30.366253
"738",36.169064,35.690746
"739",32.935223,-27.246502
"740",-72.02127,19.091507
"741",82.96519,-14.539203
"742",82.86681,3.892238
"743",-84.400116,12.817677
"744",29.636812,36.01741
"745",30.557146,13.464483
"746",82.467224,23.381153
"747",72.97178,11.47547
"748",77.747635,13.516633
"749",80.30331,-13.822111
"750",-85.869125,-26.2074
"751",55.092167,26.0749
"752",-13.2814455,-16.971739
"753",-4.305704,20.506466
"754",71.26568,29.202913
"755",-40.062584,6.757103
"756",-5.355966,29.59597
"757",-63.135952,-29.865461
"758",-20.93521,-16.368122
"759",-86.976204,-25.793045
"760",36.2876,-28.845085
"761",-80.88102,-21.373018
"762",45.746582,-13.619668
"763",39.336838,-35.45227
"764",15.494776,36.626038
"765",53.71685,-34.17858
"766",49.378685,-2.3385
"767",-66.17912,24.4282
"768",24.043016,25.952587
"769",-12.444879,21.845675
"770",-17.268862,-12.100185
"771",39.304325,35.92076
"772",8.022971,-29.445255
"773",31.099785,30.117504
"774",41.906807,-17.402576
"775",-85.00486,-27.230286
"776",75.753365,13.647281
"777",-40.633102,-31.672739
"778",8.756453,-13.611018
"779",-46.34665,-15.295743
"780",-84.07215,12.966694
"781",-29.29103,-19.383152
"782",33.58591,-32.17734
"783",-86.82443,-17.17559
"784",-57.441944,-28.933378
"785",-10.749169,32.91379
"786",-10.590798,37.367718
"787",77.0774,20.906525
"788",-39.526337,14.412388
"789",-79.27337,18.034647
"790",-25.46072,16.592558
"791",34.715614,-34.60159
"792",-74.24311,-3.5150096
"793",-7.4952583,19.499702
"794",75.984695,-31.776123
"795",-79.61243,-28.377663
"796",80.323845,21.032505
"797",-49.058105,18.890951
"798",-51.091854,3.1620736
"799",-59.14493,12.745207
"800",22.844017,34.776943
"801",74.571945,25.811092
"802",-34.91521,16.64486
"803",-22.879646,31.867807
"804",39.437298,21.845846
"805",-81.78035,24.12855
"806",19.812126,20.593151
"807",38.544827,7.839695
"808",-16.688189,-4.457858
"809",-64.84157,27.662075
"810",-58.449432,-14.080848
"811",19.684935,33.50638
"812",-49.9457,29.567009
"813",-1.8272423,-32.7668
"814",-79.77736,19.119091
"815",-86.0416,-8.373756
"816",-85.119774,10.261398
"817",50.77275,-6.6642475
"818",58.509632,-2.5582435
"819",-52.599644,-11.463633
"820",66.10173,29.919662
"821",-84.86778,-27.015444
"822",-87.701225,-18.369509
"823",-8.523734,-31.68453
"824",-80.14186,-20.567316
"825",-38.755413,-24.971409
"826",86.23862,-17.081505
"827",-7.3229146,-31.8053
"828",-86.0044,-0.18113491
"829",70.701866,-17.723505
"830",-82.73625,22.263006
"831",-13.555681,21.511847
"832",75.42423,-32.84565
"833",84.405426,-16.198252
"834",70.997604,-18.056562
"835",78.17568,-29.354687
"836",-86.91504,-9.293868
"837",75.00235,-33.24412
"838",5.4740367,9.126926
"839",-58.311924,-26.643204
"840",-49.68924,19.841642
"841",-69.622986,22.25851
"842",52.941837,29.266382
"843",-10.242206,21.814856
"844",74.624,25.27612
"845",38.66774,-28.495373
"846",-88.885994,-16.396708
"847",26.28781,12.421612
"848",-30.574198,20.028416
"849",66.22706,-34.820362
"850",86.997055,-20.347967
"851",33.750378,33.87243
"852",15.939963,-30.226295
"853",34.255856,35.79873
"854",22.5806,22.9032
"855",86.88239,10.683718
"856",-63.198967,-11.634946
"857",81.24374,27.255297
"858",73.246,14.147875
"859",41.611664,20.932102
"860",-67.95079,5.0734067
"861",-23.426983,19.861311
"862",-66.27187,27.445057
"863",38.391735,-23.662558
"864",-13.752815,25.238613
"865",-57.444218,-2.47105
"866",-24.627893,37.58583
"867",-12.304547,2.0261707
"868",17.531677,35.89212
"869",64.765236,-34.427364
"870",23.33689,-24.825296
"871",-45.69782,30.911142
"872",-82.453835,23.068316
"873",23.26586,-29.546556
"874",7.936094,-10.0365
"875",-84.52091,-27.65676
"876",-89.08706,-13.629616
"877",83.54285,19.664522
"878",46.248547,1.6021297
"879",-50.984352,-7.878025
"880",-80.978455,24.827948
"881",-77.82054,-1.8643278
"882",2.2555878,-4.7149363
"883",-59.042244,10.857341
"884",82.82289,23.527822
"885",-84.796104,11.117345
"886",-79.50976,-5.1315856
"887",-9.03527,28.907265
"888",25.81673,34.919224
"889",32.416283,-23.93038
"890",46.06969,26.99711
"891",74.81848,-1.0020661
"892",86.78703,-18.467884
"893",56.277657,32.89569
"894",27.41223,-11.727557
"895",86.46846,-20.630878
"896",-76.98245,-3.1862488
"897",29.237844,11.349699
"898",83.54333,22.636923
"899",22.117434,-7.0629754
"900",-27.418627,28.243868
"901",76.811844,-24.159426
"902",-62.571167,28.558538
"903",75.33764,28.852276
"904",35.498028,35.69378
"905",-78.37288,-4.578182
"906",-61.990387,28.362028
"907",-54.978443,-11.914593
"908",-64.17756,-21.472143
"909",-43.810837,32.7756
"910",-4.8937883,-18.158468
"911",-85.50567,0.25550023
"912",-83.00709,14.232656
"913",-46.109776,-0.8854216
"914",42.21499,-35.076656
"915",30.92235,-30.947725
"916",77.227005,-19.215693
"917",1.0558879,-0.39090306
"918",0.4732981,19.769306
"919",76.44479,24.842787
"920",57.000435,26.382624
"921",-52.915462,8.915328
"922",-14.386512,22.711906
"923",-17.676,29.381937
"924",-49.750954,19.03548
"925",5.0868483,-13.635464
"926",84.55954,-26.079159
"927",-78.794395,-20.813833
"928",-88.06356,-24.11125
"929",-87.85437,-24.567654
"930",-68.88685,5.6582794
"931",-44.108,15.677738
"932",-62.63863,-4.9110007
"933",76.6505,-32.240177
"934",-70.64885,-29.983454
"935",-75.03155,-18.986294
"936",83.34015,11.121211
"937",55.13946,12.652486
"938",53.05905,-32.15035
"939",-78.62065,-2.6448433
"940",41.00266,-3.49751
"941",-32.35705,32.21557
"942",-84.89395,11.221064
"943",-75.479416,-29.526346
"944",-84.9707,-24.494175
"945",86.72504,-25.242176
"946",74.376595,-18.833426
"947",-32.63539,-30.056448
"948",-37.209053,13.472929
"949",66.923805,-1.6442262
"950",73.70743,26.408993
"951",-33.789806,8.4299555
"952",-83.811714,12.215629
"953",-5.6035585,21.450113
"954",5.787885,11.096536
"955",46.61714,10.816235
"956",86.85277,-25.28634
"957",-71.23235,21.490917
"958",85.43392,-17.824615
"959",-18.295828,-6.353963
"960",20.330814,22.269506
"961",84.68558,22.006548
"962",28.55048,30.34389
"963",-87.07145,-25.24721
"964",-11.105593,-28.942482
"965",2.7968638,-26.926104
"966",70.43311,29.94873
"967",80.90871,26.952572
"968",7.276098,37.153408
"969",30.548346,-23.703514
"970",-41.520363,14.970925
"971",-22.39948,19.117445
"972",-42.453243,27.11244
"973",-76.596375,25.743782
"974",17.660378,34.008606
"975",-35.732098,-31.949074
"976",-51.29494,-25.428434
"977",-69.87481,2.6669202
"978",75.12231,-33.23346
"979",45.35575,-1.0353497
"980",-71.13213,-29.895699
"981",-62.44713,28.346148
"982",72.3036,-16.807531
"983",-8.696364,24.92401
"984",-81.849144,7.850065
"985",-18.194897,-1.572413
"986",-27.389376,23.292095
"987",-79.11215,-9.07301
"988",79.76773,-26.572268
"989",84.31313,19.29787
"990",-51.783867,-6.298869
"991",-42.13221,-18.404379
"992",33.43578,-19.98948
"993",-78.00575,-14.467666
"994",-31.671604,-32.82475
"995",30.365309,-14.620821
"996",-58.323128,29.5878
"997",56.10445,-1.9065108
"998",6.2695985,14.281102
"999",48.22475,-14.0723
"1000",12.28853,9.064353
