embedding_1,embedding_2,type
-9.993005335548576,8.622279280933116,tSNE
-3.5215490242118106,-10.742616471996959,tSNE
-10.304887986045514,11.994576101781895,tSNE
-11.308538787830718,5.1274339122945385,tSNE
12.90791140328285,-10.173522539826916,tSNE
-4.297740399346814,4.441533684130022,tSNE
-9.744397598794894,21.329231374534295,tSNE
-14.39011317269846,1.7427809127772595,tSNE
2.9946645561966263,-9.765788579273478,tSNE
10.493185890793853,-12.846538651309034,tSNE
-12.608301963694847,20.634586898946466,tSNE
9.626533403380785,-9.139214577729442,tSNE
-12.67132978874659,14.362366791694905,tSNE
-14.53892759665436,10.60624136581238,tSNE
-10.162350036408771,-1.4730024330814562,tSNE
-8.782709830040492,9.284432784481853,tSNE
-6.502596798343666,13.54000448490506,tSNE
-7.945201980375112,-7.343078410941334,tSNE
-8.154253292483727,13.428637202872745,tSNE
-4.152501832329764,-1.5605255868773393,tSNE
21.46526916826706,-14.12295315572156,tSNE
-14.231174662855475,14.104730542422134,tSNE
10.742531355887037,-9.636027707036572,tSNE
8.02628192510718,-8.344099962857305,tSNE
-3.606034385754535,13.282582733257652,tSNE
4.471981182454774,2.4929735682904313,tSNE
-11.817684893864154,13.88899098868614,tSNE
-5.316268738692211,-2.521706064371177,tSNE
0.25012176171416173,2.0605919056147743,tSNE
-12.686283723048176,3.6035381638020287,tSNE
-10.67018174809899,13.656167488160497,tSNE
-13.37392964512504,20.335609245826696,tSNE
16.77872647371596,-13.959766905529401,tSNE
-3.677239630945004,-8.785674943510754,tSNE
-1.2844991757659332,-6.229759015706047,tSNE
-8.957862817511602,2.701211131929906,tSNE
-11.762608469954179,11.22525828457821,tSNE
23.564324811579528,-18.772965991668027,tSNE
-9.497363540853975,1.550163477954639,tSNE
15.144589278349672,-13.693559113747444,tSNE
-13.48635784091225,0.7720746213905085,tSNE
-9.754650228412507,1.9088222705884597,tSNE
-12.841519332063237,19.38302818167422,tSNE
19.953584206250888,-14.283080299297826,tSNE
-8.40572501314875,16.382536464999323,tSNE
2.617775437626148,-2.2664189735419713,tSNE
-11.65698291209465,16.552525079530884,tSNE
14.424041298038322,-10.335176482120287,tSNE
-9.122729145252402,-1.1262035230542584,tSNE
8.274214806689608,-8.469883683360171,tSNE
-8.8479328342522,6.110586096461162,tSNE
-14.055718616020455,7.1307083627481385,tSNE
12.069124481059873,-14.194802318350751,tSNE
24.33369795839561,-18.406675062367235,tSNE
13.20463692830603,-14.428172840860663,tSNE
9.94568993297237,-3.633713667329128,tSNE
-17.752683447428733,16.720865170148436,tSNE
-4.14770272897369,15.166574165749498,tSNE
-11.224564849823917,18.97490448799601,tSNE
2.2888837312642107,-5.093522765702333,tSNE
-10.414749073180797,3.4765837611073915,tSNE
-9.455913053059433,15.349150151829177,tSNE
-11.236926331315638,20.025983688110074,tSNE
-4.748363276786285,-10.594010259343978,tSNE
8.824468787593082,-3.7505937954632325,tSNE
-10.736018571986843,9.341589579627737,tSNE
10.677891004540406,-7.0900892331762675,tSNE
25.186395411124085,-15.558428827436668,tSNE
16.097417477331184,-12.069532776381333,tSNE
24.46415937460958,-17.126258529939957,tSNE
-5.044682932684187,6.258312917962715,tSNE
-13.533534670993326,6.274784470453026,tSNE
21.561385969944183,-15.487129997481413,tSNE
0.41601936752888125,2.7957040961095307,tSNE
-5.216998704512573,8.114734136796736,tSNE
-14.796848130357109,21.44561617974259,tSNE
-3.8637235005549724,-11.022984188328707,tSNE
1.2583415940338285,5.854288150033334,tSNE
24.17067634689882,-17.90564533983629,tSNE
2.567004250195298,3.1439003366735205,tSNE
0.8580434097125753,3.892864712537313,tSNE
11.31157874569759,-8.888811600769444,tSNE
-16.257792040777773,15.474016181637131,tSNE
18.336894055401782,-15.585577049671498,tSNE
-14.236008021050012,21.975416187342585,tSNE
23.659583855298692,-14.378608904152259,tSNE
-8.659240497492055,15.966158527017393,tSNE
-13.942588090314485,2.8880887213229647,tSNE
22.027922539396773,-13.17094406459061,tSNE
-11.556036444443066,16.527168141217924,tSNE
-13.604797917382022,10.59069099930959,tSNE
-6.114253844679759,-4.602028728876608,tSNE
-3.9524771924726894,15.141560630014363,tSNE
-5.8897015203971925,-3.614385299653002,tSNE
5.596182719070429,-8.338319628063688,tSNE
-14.045776709608532,18.714318101367986,tSNE
-9.75705332308445,20.941591569548297,tSNE
4.408699920116356,2.754821886530195,tSNE
24.062599056721023,-16.1218844739899,tSNE
20.674045270297416,-11.707252310348949,tSNE
-1.1421982344970258,-8.798541141996585,tSNE
-14.15036225029134,0.942182972337224,tSNE
10.197676876160186,-7.587186073486538,tSNE
11.318670550589738,-10.914790556008931,tSNE
15.811589788626105,-10.73267176095734,tSNE
-12.237664335761652,-1.8968417415860848,tSNE
15.09887542015026,-14.267337534714564,tSNE
-8.740108240459284,4.10351167498255,tSNE
13.744772240454658,-5.40836918442447,tSNE
-8.647263164184121,5.0408055004270205,tSNE
-0.8001597314118674,4.70494175589671,tSNE
-6.707461517566027,-4.2197708395142355,tSNE
21.812604868952153,-13.38187687296147,tSNE
23.92650818872023,-15.475880202730622,tSNE
-12.291844220761577,4.121068720815789,tSNE
-8.827771470561114,-1.1348513580139783,tSNE
10.099621225937895,-8.505011499016442,tSNE
-0.7464430804118645,-1.382882357154625,tSNE
-3.0392392239736945,-1.333610807926499,tSNE
7.543057253717341,-4.595900320314539,tSNE
-5.203252906302446,11.920120830172204,tSNE
-13.538245169030402,18.126809090797778,tSNE
-10.509882309808349,16.628623952272562,tSNE
16.737501602528944,-14.665897279187048,tSNE
14.097612091807918,-14.504978668339792,tSNE
12.681317861808546,-9.226118291455876,tSNE
-18.307047698780792,17.074041665223415,tSNE
-12.043560179142196,14.519563354881274,tSNE
-7.381224308072244,13.21828372727727,tSNE
-16.11353025530848,14.92991233784062,tSNE
17.759929530727156,-13.816317563611479,tSNE
2.7183545397915663,-2.543499315041965,tSNE
20.486303280342938,-13.272816460096621,tSNE
-12.187315427473909,0.7624688889349531,tSNE
12.594350938002819,-14.695595960037005,tSNE
-6.6482131186807365,9.698194353488445,tSNE
8.0474888185016,-5.485529567788099,tSNE
4.388030397907358,-10.80984410514551,tSNE
-10.011087765040992,6.085032307983719,tSNE
-10.522674427634005,2.91537262805036,tSNE
-5.806579928432269,-3.0527782088472373,tSNE
-13.187645578187633,15.357723457279723,tSNE
-1.282054935153734,6.663751479876803,tSNE
23.208445379419107,-13.648809955295562,tSNE
18.69917188302169,-10.265677184662842,tSNE
-13.74586524212172,1.7533708937170618,tSNE
3.0944640705853095,-4.282805267062554,tSNE
10.605809107557747,-14.019557891157877,tSNE
-11.17347462025826,6.32484861001543,tSNE
-4.97495575753937,-5.176873271258177,tSNE
-0.1180874229046814,1.96142236982745,tSNE
19.444134799136453,-12.627161034676964,tSNE
-6.701053866308313,12.428188823848574,tSNE
8.831282020888445,-5.1156377131482005,tSNE
-14.46723742693449,14.659887571516222,tSNE
-13.03746111177646,20.763686368403643,tSNE
24.48660459161027,-17.290711582195254,tSNE
12.534662094974083,-14.370291639237324,tSNE
18.474400699086594,-16.262054532856393,tSNE
11.935530552470224,-11.21003568171537,tSNE
10.310167733038593,-2.7043955974485985,tSNE
-0.9418503213011349,8.408895669292733,tSNE
-2.6527416867841462,-8.051039758338492,tSNE
-14.103240023532386,6.639386376571713,tSNE
-9.384672099666613,2.2391176905303536,tSNE
3.9722041149181266,-8.679654159088765,tSNE
20.424678115256192,-14.442191583284037,tSNE
-15.957372722977606,12.903950254459225,tSNE
-13.50851443284456,19.356251775449113,tSNE
22.784286823482045,-15.282598501375558,tSNE
1.752461304819255,1.9004303027166045,tSNE
-10.104400403208427,-4.422690308657654,tSNE
-0.43087070782576026,-3.713098287280348,tSNE
-4.198088684763685,5.493282279899689,tSNE
15.9113057631904,-10.227016785333728,tSNE
-2.943548169921484,-10.254714265617322,tSNE
-6.61966992579054,-5.799230179280732,tSNE
15.527537916290267,-10.52947688885442,tSNE
0.29405762588096584,4.981226726566382,tSNE
-2.479006418128119,-9.605635640121015,tSNE
22.183431795928946,-12.344582507260922,tSNE
-1.3799355419260482,8.827016366856183,tSNE
-8.76800802175998,2.833726190730181,tSNE
-14.09942137098497,19.941893048642566,tSNE
-12.268954679874234,-0.7450817190738287,tSNE
1.9384448012075262,5.373535502767412,tSNE
-6.935266221116347,12.56815043778608,tSNE
-10.447591292438986,13.291652198934111,tSNE
2.680865027472121,-0.36749909901850386,tSNE
-11.483892303944481,10.698997110688733,tSNE
-14.217189027594324,0.2401303443708439,tSNE
11.128786499236305,-12.42147283308285,tSNE
0.4795939987201995,-1.8359265260861162,tSNE
-13.818238520329155,3.6481520154123017,tSNE
-9.01235115380861,-4.693348405082865,tSNE
9.754770335863542,-13.22156544292757,tSNE
22.71269722522265,-18.005735344546007,tSNE
-5.878423232478164,-6.198074092339665,tSNE
-11.68514892092766,-1.7637877383050877,tSNE
-9.210921294896638,5.10504141653296,tSNE
-11.463470605917731,-3.6629740115009195,tSNE
16.92622284079602,-13.215253097567619,tSNE
17.27962949591764,-15.491670816157708,tSNE
-10.84786262308587,3.13792201894344,tSNE
-10.93121231706598,13.008680653074121,tSNE
-10.664689869872175,1.2606064858953747,tSNE
-2.0466041741905294,8.59287201272152,tSNE
-13.29184676045504,9.976265596856676,tSNE
-10.47596958404448,8.659748087248374,tSNE
-6.327615084649261,-6.563837194228127,tSNE
-11.389780863785864,21.21795398421663,tSNE
8.096793558750047,-3.8994810817331156,tSNE
15.666432636067627,-12.634616747525717,tSNE
4.722890449761673,-10.831442946533208,tSNE
20.29207101595353,-16.78774820423445,tSNE
20.342127626260602,-11.986622849271024,tSNE
13.422137009768715,-9.938617879245653,tSNE
-0.30799409949671547,8.04858458413998,tSNE
-7.7445268022259635,13.474250536308993,tSNE
3.171124002155855,2.8700171483040826,tSNE
-4.301142428674276,4.987052101401785,tSNE
3.686611437959198,-2.2151807574998506,tSNE
1.3744565766494135,2.8801753261488505,tSNE
-12.186219113932538,9.803749176492413,tSNE
22.269521428592125,-14.055952105134564,tSNE
-16.249552370048704,18.93162602151591,tSNE
-13.627966029384933,3.363206480641862,tSNE
19.41241080469559,-17.080895701970544,tSNE
-14.392616451656602,10.440899466975884,tSNE
-7.1873286453443574,18.905512747026844,tSNE
-18.9276532341835,17.218352441511758,tSNE
-12.803436687243158,-2.888369676848648,tSNE
3.795985291954495,-1.325638661917183,tSNE
-11.040569713194785,10.355601467774756,tSNE
-12.007550548885247,11.655096428511907,tSNE
-15.964633636692618,10.849360059716098,tSNE
21.411475993406807,-14.892684366226858,tSNE
-8.626960992415981,-6.581706761666023,tSNE
12.919635881635052,-11.755755841733746,tSNE
-8.203741299280649,19.47956077449153,tSNE
-14.801612074054368,18.797346029036397,tSNE
-3.682513249568277,1.11585320264251,tSNE
2.3009458149630855,5.734755795855703,tSNE
-4.087176170800034,-9.699683084237119,tSNE
13.9085878315874,-15.14384296771506,tSNE
-9.228632927334802,19.254194698455073,tSNE
18.25089193406222,-14.48932126741366,tSNE
0.3009913735100746,-4.106322557112456,tSNE
23.624696555030827,-12.477158965005586,tSNE
0.6891187545347687,6.640965024666952,tSNE
-10.961600893796623,8.886100459038948,tSNE
9.688312225105262,-4.508385751919946,tSNE
-10.649056450836216,-4.466300882522387,tSNE
-4.316151034048798,5.854927610760877,tSNE
12.048088881493296,-10.484649044194361,tSNE
-8.945425891953281,2.3509477762846447,tSNE
21.550219093079324,-13.859822118107482,tSNE
-7.206363362499759,2.705160544263247,tSNE
-10.1088312312001,8.103304542682892,tSNE
-4.487445335931936,-2.269442096154054,tSNE
-16.95925127941904,16.884324045914838,tSNE
19.626262787857566,-16.477939639187145,tSNE
-8.729010046964683,14.71396924034286,tSNE
10.144679082918508,-6.559371146989142,tSNE
-1.419520990993425,-6.131759815355388,tSNE
1.0747023402488147,-4.7797723465145685,tSNE
-6.383001219766886,8.51075342698412,tSNE
-2.1585400969457913,-10.47267447774462,tSNE
-13.317884054464345,13.948942969511917,tSNE
6.840934179606136,-7.55586006556842,tSNE
-1.1687435498844503,-0.3971790050954902,tSNE
-1.4962672615030967,-6.595917619440752,tSNE
-5.91662601875033,-6.925436625594749,tSNE
-10.006926635872937,4.563310970457796,tSNE
24.89137433032122,-15.931734477058848,tSNE
-0.9758518656858367,3.3408734173515704,tSNE
25.10440069168588,-17.941652109669956,tSNE
23.709304176903036,-19.030955322307303,tSNE
0.24060981170367648,-6.043341371071132,tSNE
20.07186547625759,-10.696588664528932,tSNE
7.460950153982656,-12.770612644259323,tSNE
-11.017712411260598,-2.5551641244297953,tSNE
-5.368555350048809,9.717675137314947,tSNE
-1.5480831641428203,-10.901040342113523,tSNE
-16.176962704458955,20.719102446966478,tSNE
-5.6695846235553296,11.084360599788141,tSNE
-2.824400498320425,-10.989452431617783,tSNE
-16.26427631026722,16.843217917236142,tSNE
3.3196389996533924,-10.183136410203648,tSNE
21.69966786582857,-17.480574564942927,tSNE
-3.6427829096508293,-9.812110575690998,tSNE
9.67109766603544,-12.460075848737805,tSNE
-3.9675395765504584,2.4227731191981285,tSNE
21.34070212939615,-17.226601728883534,tSNE
16.953865044268255,-10.946491980299589,tSNE
22.41082342650081,-13.481747226784316,tSNE
11.537516815202228,-4.300607960740906,tSNE
1.0116619256327553,-1.983393659196818,tSNE
-12.7908811253893,5.066046290613256,tSNE
19.807378999804346,-12.777665215092398,tSNE
11.041099596510609,-3.7744066566241274,tSNE
-5.617242158767344,11.859778136072974,tSNE
-13.035589252434425,14.375004174630908,tSNE
-13.026531658525696,9.839155974504125,tSNE
-4.306557791619097,-10.71368458930645,tSNE
8.483725881280867,-12.62331373799851,tSNE
22.458305202846894,-12.09186864828168,tSNE
-14.297234279379072,6.097439247402942,tSNE
-15.280672459675095,19.771599315220573,tSNE
9.22608017312697,-4.076114783426014,tSNE
-8.45573378345986,-5.0876138222710106,tSNE
-17.82942418289377,17.758848371435693,tSNE
8.983545926657158,-6.186942725007626,tSNE
8.895307494741228,-10.244020034150946,tSNE
-5.810703837184219,-4.678405790881217,tSNE
-0.3507258342205021,-1.3262041522172836,tSNE
-2.3250084109562814,9.05308651778867,tSNE
-12.487750565136633,-2.6299282918621496,tSNE
23.165622157260376,-18.190871910533634,tSNE
-4.707084929972819,-4.641165296100878,tSNE
3.3538545683682184,-3.0881296709371897,tSNE
20.27832894757575,-13.699949434488186,tSNE
1.777284535999047,-1.2746455556821807,tSNE
-12.939281438770303,11.713268023395669,tSNE
-18.17409015211597,17.086006625275957,tSNE
7.993963896426603,-7.5924121514162035,tSNE
-1.7836386302662686,4.690395238384309,tSNE
10.034384137924613,-8.846468887648207,tSNE
20.801142886606428,-16.58006200888649,tSNE
2.6224414753580154,7.028310585776794,tSNE
2.2069878820948046,5.266967000403682,tSNE
9.93411100228882,-5.589540327136018,tSNE
12.65063599101759,-4.450184482730019,tSNE
-9.751989112443647,-3.8357983026181586,tSNE
-12.903849488130911,15.357074687673837,tSNE
-7.304886348789069,-5.004170671112737,tSNE
-8.716817931452429,12.409299618837185,tSNE
3.890759839588662,2.5408141810583422,tSNE
-15.868925951171317,13.313359875312276,tSNE
2.313742891995709,-0.9983907234641223,tSNE
6.133222464673923,-7.7745537090979395,tSNE
-11.640855865885733,15.633623278386759,tSNE
-3.7827236860451166,13.195988819918263,tSNE
10.512414679911814,-4.2509850379142975,tSNE
8.002374080972078,-6.059289433475001,tSNE
-12.789443287913398,12.066890702391007,tSNE
-3.606005713232233,4.198711988184226,tSNE
20.10934396591712,-15.834018612323204,tSNE
-7.662737049083083,-6.625770951354082,tSNE
-12.149630780114974,20.79030848811801,tSNE
-4.437388517837042,-4.673273663448835,tSNE
-2.618783740704453,-1.3979917519964733,tSNE
1.4379902268005242,-0.2810789421616147,tSNE
-19.344215267013155,16.84903263630651,tSNE
-5.854463458700867,-1.759334652801129,tSNE
-8.06415367281108,19.59195434978055,tSNE
-14.65237191196845,11.014951622297,tSNE
1.1505218252796854,-1.3692906849908626,tSNE
-6.7316399270111225,-2.5332505851250966,tSNE
-7.684615375394169,15.965184953233372,tSNE
-14.043088191639006,4.070353418795916,tSNE
-8.62453846628968,20.018448328456458,tSNE
-15.066148698317965,19.10592672349225,tSNE
-8.344699192243795,9.197858486627336,tSNE
4.656467612384662,-10.272412174216301,tSNE
-5.6644427581666,9.699526834367505,tSNE
5.015448240728455,-10.938198241405427,tSNE
-10.664015696987384,5.543111950649598,tSNE
-14.88843165794684,17.97698819787535,tSNE
21.928285897392783,-16.876218152037463,tSNE
-7.268270769721519,-3.5724623593851965,tSNE
-1.9072199496626356,0.07209861453746064,tSNE
4.831820176791883,-2.6406202347155547,tSNE
-16.98316312784279,16.506130968773192,tSNE
19.985733424756205,-11.418367197939336,tSNE
7.223077043493036,-6.563412439104485,tSNE
-14.884003825680526,20.40952427128142,tSNE
-0.08206641049582024,-4.770677416520327,tSNE
2.4471420967206132,1.5711407389821297,tSNE
18.112604708773766,-13.8206249788682,tSNE
-10.806599521066905,15.67188805894332,tSNE
-2.939340319345881,-11.102567882868156,tSNE
-15.117708369752787,14.600647972142976,tSNE
-0.6190331874376589,-8.723044553368569,tSNE
14.28817258948218,-14.114729300274943,tSNE
-5.491545857322672,-1.2641093906581602,tSNE
20.42533359472702,-12.448466435131806,tSNE
-8.093250345384549,2.6792685638052145,tSNE
2.858282252807811,2.072765492206747,tSNE
-6.650119725714798,-7.261720867818345,tSNE
-10.257321874925697,-3.096576916646398,tSNE
-16.686339261412094,18.086380410421867,tSNE
-7.004211578005238,9.415163212703307,tSNE
23.0835175224532,-12.114874331686433,tSNE
-0.9636302392303029,-9.229899720728056,tSNE
-11.489171857124921,-2.633306000060547,tSNE
11.380683971186851,-14.153295646572195,tSNE
-6.120087408112505,8.295203372915628,tSNE
-15.728557983458039,12.136034952592334,tSNE
-4.935982701658435,9.794455435959682,tSNE
24.8807357828774,-16.370615425840658,tSNE
15.783256966865359,-10.457097526753747,tSNE
-10.211423961573239,0.6034447750783499,tSNE
2.574884430785751,7.116335002238965,tSNE
-8.762104658044032,17.57754238472214,tSNE
-11.390184638846646,20.40212840307491,tSNE
21.25735571705373,-11.28246530748322,tSNE
0.47987959640777933,7.285085843954631,tSNE
12.68652513816017,-9.273833196282409,tSNE
8.222216835817918,-12.752536886381835,tSNE
-8.242725627508126,19.974560682499234,tSNE
18.376159696523178,-10.154376181822355,tSNE
-4.304670168706992,7.5834357775912675,tSNE
1.5535080710111548,1.365149147225104,tSNE
-9.67131221112751,6.679726889212961,tSNE
-2.896548485709282,5.396866428076528,tSNE
1.0874022319402616,1.710806188292068,tSNE
-1.036345887703103,5.581364904188853,tSNE
8.26898718398784,-12.237350189564928,tSNE
-9.102057850024176,20.55672565171071,tSNE
-1.7863675256202445,-9.97175950137168,tSNE
-8.660706366831844,-1.7479427512595418,tSNE
-13.781278172046967,4.933812454323189,tSNE
1.7054106102754611,-2.01228423204791,tSNE
-11.40035688169907,14.185434141529354,tSNE
-2.2494695420407775,3.905992418873169,tSNE
24.524383236310435,-17.80189416202446,tSNE
-14.47141495521952,17.404793392354637,tSNE
-0.9497323706587786,0.14975475224160972,tSNE
-1.5014815091011264,8.018856112985837,tSNE
15.30257487135483,-13.876976269832209,tSNE
-15.295617312617715,11.202082772327545,tSNE
-12.617011704309089,5.916935503719822,tSNE
-13.546582567463387,0.3473903519118254,tSNE
21.403859125828177,-11.298289241591648,tSNE
-3.678991875452012,-0.9116811237035626,tSNE
-8.418370534875272,-7.46796756733446,tSNE
-3.643150116770197,-10.35821478873697,tSNE
1.9679897920976936,0.7225713299592167,tSNE
2.404376729885825,0.09912833250152395,tSNE
-10.140189755817833,20.61034052146575,tSNE
11.25071504412384,-11.282337615262573,tSNE
-9.319799295049709,15.534779757787735,tSNE
14.499579986881887,-10.054084951397,tSNE
5.374169397479134,-10.776988628297234,tSNE
14.888508446385488,-15.145773671198182,tSNE
3.833097254780089,3.844858543694065,tSNE
22.647053575417743,-12.970755253365999,tSNE
4.5860486580409345,2.712131965891134,tSNE
11.268213540651331,-4.922946265149698,tSNE
21.752291769231253,-17.86592211451728,tSNE
-5.234447287521318,-2.220655863544753,tSNE
11.663774279599734,-4.699236626779372,tSNE
23.52080797856143,-17.14943050836131,tSNE
9.425252664633398,-3.719217809346857,tSNE
-0.6370809591223026,2.695634385398515,tSNE
23.377019759241595,-12.320375089488843,tSNE
-13.180877482854399,7.33176626628116,tSNE
2.794403289752221,-9.611411668304195,tSNE
6.991892634084621,-11.807306873181469,tSNE
-9.572603979684116,16.265972434707646,tSNE
-12.004755645594138,18.106525881137653,tSNE
9.28556333974854,-8.333798475386224,tSNE
3.0024209035036584,3.776758248024279,tSNE
2.5485506900687827,-2.494962660954705,tSNE
-10.87225293986413,6.821275489532937,tSNE
-11.623054211418628,16.295752945190095,tSNE
1.720322908623286,4.214854701843516,tSNE
0.3958020589140172,4.2265832020375464,tSNE
-13.559379217133667,14.876912863423009,tSNE
-8.92372681589091,-4.831441151571068,tSNE
20.4967400575368,-10.93138506769655,tSNE
-0.13502616440738982,-7.528416837453818,tSNE
-5.19091128924099,11.222945113020081,tSNE
-15.088659019491041,21.374120676758356,tSNE
10.384563544269259,-11.31040474594962,tSNE
9.177071163235706,-10.223285480546453,tSNE
11.99715806560504,-9.116551882765355,tSNE
-11.658047233611542,-1.3995015497608612,tSNE
-9.396307798388705,20.089225649769713,tSNE
14.961467056044588,-12.941920146998209,tSNE
17.95215152804801,-15.641699527028349,tSNE
24.71807117796351,-18.551219659497974,tSNE
9.4557807171769,-12.469513750328227,tSNE
-8.138683494751067,-3.2018457738715154,tSNE
7.696232917560896,-6.344723318983333,tSNE
2.3364541561426644,4.221116752663348,tSNE
-10.118685915252078,-1.0681090446996087,tSNE
12.945535182126585,-4.72129785855022,tSNE
-10.524040895538842,16.230416072314686,tSNE
-8.248026646893583,4.818467386120456,tSNE
-18.382166853188878,17.93220630662525,tSNE
-11.68099944770381,0.8077424307893134,tSNE
-4.1723185862416985,3.555747829903662,tSNE
9.204827169942526,-6.869651403865483,tSNE
-16.56266662864924,15.850632328992853,tSNE
-13.30554397696228,12.03821888613547,tSNE
-12.091935780512896,-0.5143440247782559,tSNE
-4.602346002401439,-10.049489159612875,tSNE
9.361456566116539,-5.926916574848941,tSNE
0.8045885093946428,-4.656544819159647,UMAP
-3.557326116411536,-1.13054500770335,UMAP
2.5060956097024905,-4.560652035161295,UMAP
0.7724833405549588,-3.551362047788698,UMAP
-2.4547396162095696,4.720139050069638,UMAP
-0.291489484747526,-1.9959162352444357,UMAP
3.714627343373496,-2.3170290659290282,UMAP
1.7340904980684941,-2.2340422409129426,UMAP
-1.330686004045846,1.9376229506997737,UMAP
-1.7673811260018306,4.072242887364578,UMAP
4.288350225773481,-2.988563486351999,UMAP
-2.636995498247397,3.485940810226488,UMAP
3.3563015244271672,-4.705861173955173,UMAP
2.3220597709194584,-5.424541202857945,UMAP
1.6150511956543072,-1.1864817089789907,UMAP
1.6265672693317241,-3.941600978389961,UMAP
2.5895170732713244,-3.386925694068465,UMAP
0.9141302435550928,-0.4174028001531894,UMAP
2.5958992592852015,-4.029508651428861,UMAP
-0.0850123626849344,-0.8754745864977912,UMAP
-1.9887693479151545,7.902320445049506,UMAP
3.455868170645402,-5.072527884611004,UMAP
-2.556683872175249,3.795363986159052,UMAP
-2.6809933692824317,3.0667316536033282,UMAP
2.481969157123361,-2.798518986628403,UMAP
-2.083815105608928,-2.2287912777739045,UMAP
3.165069256118953,-4.678806066174645,UMAP
0.08966936756488908,-0.6419721641555819,UMAP
-1.4369497197842054,-2.1635291948322966,UMAP
1.0299795426565073,-3.2152440314535067,UMAP
2.929336973596085,-4.4451452402001905,UMAP
4.466606831431973,-3.1679260598154633,UMAP
-1.5414484257587184,6.554974778396058,UMAP
-3.4543192459683727,-1.4072369436539742,UMAP
-2.165535032279155,-0.9501443340473138,UMAP
0.6231507594775809,-2.6657436902462393,UMAP
2.3106938256265304,-4.925394499813295,UMAP
-0.9566280950785617,8.684259478608162,UMAP
0.8483703882626141,-2.4140540201266396,UMAP
-1.4312649008189475,5.867181281548477,UMAP
1.8006434322147784,-2.002975515254193,UMAP
0.9543090624148024,-2.3248883210459983,UMAP
4.434559975758678,-3.3674539675107895,UMAP
-1.896533207374694,7.4496242058375355,UMAP
3.3220898397881924,-3.4487028072383352,UMAP
-1.575494262515695,-0.6351241873720498,UMAP
3.5428923454168,-4.152118888980748,UMAP
-2.3279337416809227,5.0587571167511545,UMAP
1.163374373963534,-1.3019523420459755,UMAP
-2.703961196971871,3.190948191496999,UMAP
0.5293829282498208,-3.4652920887509695,UMAP
1.3879894496581668,-4.0786805678456926,UMAP
-1.365212533577345,4.7854052096768855,UMAP
-1.0305202182683444,8.8772657133407,UMAP
-1.2965862261160792,5.232942061712584,UMAP
-3.372740875200771,1.870971635749223,UMAP
4.95996889157669,-4.351818515754488,UMAP
3.130224997559256,-2.3719165300037863,UMAP
4.033344142529365,-3.2622011124540737,UMAP
-1.4938813212523123,-0.053428587297302155,UMAP
0.7596793104915854,-2.870056150608987,UMAP
3.333579436013534,-3.8104855520324032,UMAP
3.983300765892755,-3.0394384557208465,UMAP
-3.6368601267144847,-1.295806902261412,UMAP
-3.324630820764895,1.7687847861515413,UMAP
1.0406091973642597,-4.707344920702172,UMAP
-3.056077448167586,3.065503665683768,UMAP
-1.6256537001424283,8.604249668342282,UMAP
-1.8401431600190676,5.941263186511042,UMAP
-1.2300395094885657,8.729607530952913,UMAP
-0.05856064176536213,-2.521534203718573,UMAP
1.2902325749000765,-3.9643800043152937,UMAP
-1.5590250545662272,7.963702663250078,UMAP
-1.3799351238771602,-2.1848378020421535,UMAP
0.4126777186809094,-2.541482236712876,UMAP
4.298708422109566,-2.791889281476541,UMAP
-3.5834138248807017,-1.1975534051411763,UMAP
-1.417272655358142,-3.0622593941013245,UMAP
-1.095845133749254,8.903804773447106,UMAP
-1.8640239564762497,-2.513913158667017,UMAP
-1.4593485960696646,-2.649174592269378,UMAP
-2.624981845399348,3.926862607988561,UMAP
4.580193539056402,-4.575411654775223,UMAP
-1.357694995845152,7.094254250195953,UMAP
4.18426928773385,-2.5105336313919526,UMAP
-2.054638430548727,8.01426989623641,UMAP
3.3373958431826907,-3.6068511477174305,UMAP
1.3155282166268432,-3.086009608291826,UMAP
-2.211973301810165,7.781737944923293,UMAP
3.5313364632126447,-4.195395866733033,UMAP
2.207076784564956,-5.054698660126011,UMAP
0.523295443684631,-0.5298179835071196,UMAP
2.825683354633647,-2.0488533090282615,UMAP
0.36876385657924704,-0.22609756272466208,UMAP
-2.1916346747308344,2.5271868101296158,UMAP
4.528342402083119,-3.60194411906892,UMAP
3.766414204944519,-2.384563256308004,UMAP
-2.04004014067281,-2.2536698005487734,UMAP
-1.4971884496304781,8.649859214525353,UMAP
-2.6076340835739855,6.957658421606468,UMAP
-2.932835447765764,-0.7445534311189052,UMAP
2.0081045572690854,-2.0910696271311826,UMAP
-3.031346078281146,3.159783594435503,UMAP
-2.2961284462085225,4.219063124722006,UMAP
-2.27822818229583,5.637078776803258,UMAP
1.811774433771145,-1.219523194798001,UMAP
-1.3348189467155764,5.727379138183992,UMAP
0.39905104552584436,-3.167706010187554,UMAP
-1.5514943111272164,5.794638065224654,UMAP
0.43992096478642906,-3.365144889561764,UMAP
-1.1060344203907877,-2.296943618721805,UMAP
0.5482278041488939,-0.5665692108049251,UMAP
-2.1127687557219827,7.782978512045771,UMAP
-1.6003220880309015,8.502393923746926,UMAP
0.7630029094905038,-3.3230180520399912,UMAP
1.0250729896719475,-1.3077058553425527,UMAP
-2.7273633347080106,3.40801212789598,UMAP
-1.0433571143142801,-1.0963714437659275,UMAP
-0.3982457398361594,-1.0117180404504666,UMAP
-3.3592574411925114,2.3729351771597327,UMAP
2.451685781821798,-3.083235408055339,UMAP
4.401448252281069,-3.6587992848550264,UMAP
3.6482479266628434,-3.8667004003125753,UMAP
-1.477872843388957,6.467672501066966,UMAP
-1.3090634095537133,5.536940807620602,UMAP
-2.585498689258856,4.576350903272962,UMAP
5.090485450402995,-4.291813623448213,UMAP
3.2672845172652614,-4.626558065812008,UMAP
2.4805691945233104,-3.745723799406622,UMAP
4.317141208995775,-4.707468464779896,UMAP
-1.6759896339053575,6.75212240500208,UMAP
-1.6145323039717625,-0.652786509416934,UMAP
-2.27164136742141,7.3003162937262,UMAP
1.44826197989313,-1.9436590048285982,UMAP
-1.2689758645159346,5.10510052272037,UMAP
1.8519201011594362,-2.9242455143674904,UMAP
-3.231104422142825,2.4353256352311106,UMAP
-1.5408636829386757,2.650909491763322,UMAP
0.6293752028575683,-3.829706225373686,UMAP
0.9731151968107092,-2.6015944293709814,UMAP
0.2889965793648508,-0.8148423352700286,UMAP
3.5753731145647056,-4.844768922213083,UMAP
-0.7169133117815722,-2.7213606931331618,UMAP
-2.1012473173985238,7.969789653044877,UMAP
-2.6407212191992864,6.215927154825967,UMAP
1.6447607245067424,-2.2551432003582796,UMAP
-1.5507857086363548,-0.20625522601154156,UMAP
-1.4632131890382318,4.318363336101773,UMAP
0.7779601902997451,-3.8883081484147044,UMAP
0.4084277957414987,-0.5424740282187045,UMAP
-1.3565575933558667,-2.168430132328409,UMAP
-2.341900811773483,7.015039205193057,UMAP
2.521450499675474,-3.5442939831105744,UMAP
-3.3478335734403624,2.2945187486264365,UMAP
3.5884895603069027,-4.9815711585454165,UMAP
4.393865584483471,-3.1503550027935963,UMAP
-1.1322886531472571,8.814616918342182,UMAP
-1.2855656296033628,5.01875495338593,UMAP
-1.2150071083323528,7.222943594342147,UMAP
-2.3788966173030923,4.5074934590354925,UMAP
-3.157820627729765,1.5825742728924905,UMAP
0.5072014570472032,-4.588033289066732,UMAP
-2.2278256578196425,-2.3903844195426722,UMAP
1.407280530836417,-4.049932591090167,UMAP
0.8185876231471267,-2.503412299231249,UMAP
-1.7514680805783405,2.049509498406037,UMAP
-1.8213564098135686,7.548720397948809,UMAP
3.2044588150649758,-5.340032889554999,UMAP
4.584698875374798,-3.367773482162377,UMAP
-1.751297739399273,8.20812859386908,UMAP
-1.7552556148998164,-2.032521397043999,UMAP
1.385369155702965,-0.71741673498308145,UMAP
-1.0017708781266337,-0.5566768041464921,UMAP
-0.2167960482107909,-2.183148668821743,UMAP
-2.2921767705195077,5.469156719929454,UMAP
-3.563211099967168,-1.1462804970298146,UMAP
0.48659421250471047,-0.08222963712957954,UMAP
-2.343164247719649,5.570242823684819,UMAP
-1.200797207208197,-2.6823520110038896,UMAP
-3.3675539303152693,-1.005176313358397,UMAP
-2.414278780422541,7.792614671664713,UMAP
0.656359161262061,-4.722610150727319,UMAP
0.588116372054527,-2.6980435101140965,UMAP
4.5352947413963856,-3.238529481213956,UMAP
1.7121615021533798,-1.5546170078076003,UMAP
-1.3550728610685763,-2.944269464787351,UMAP
2.4557961688195915,-3.6079776580999723,UMAP
2.774677935783247,-4.418224560088839,UMAP
-1.6977447646554644,-1.0138738160085428,UMAP
2.077661947475467,-4.997456076632026,UMAP
2.1301527808487037,-2.0732599976423374,UMAP
-1.9744772568879023,4.240406913950095,UMAP
-1.3266024977104114,-0.9620054114748972,UMAP
1.2402126982595867,-3.2144850177796687,UMAP
1.4296666036458379,-0.5426440588982145,UMAP
-1.696480540698345,3.9197651174669526,UMAP
-0.9977100162817187,8.449739099706703,UMAP
0.37568259395659986,-0.010381373658498005,UMAP
1.5594310372257751,-1.177395751159568,UMAP
0.3462136012995559,-3.3211798559628973,UMAP
1.6740623693967176,-0.7520033812739887,UMAP
-1.657614137509349,6.38155239602434,UMAP
-1.3017847602337302,6.949643488481095,UMAP
1.0158360020159842,-2.5977159367984246,UMAP
2.8082792675092283,-4.510292557826802,UMAP
1.1346500613898753,-2.0541873034263283,UMAP
0.5802642292822118,-4.70123269577348,UMAP
1.9670756567805303,-5.001790958929167,UMAP
0.8313708479239277,-4.674654407169258,UMAP
0.5213477936009643,0.012256039966635712,UMAP
4.177965297450164,-2.9393279143362263,UMAP
-3.4384450790626273,2.0547450626803903,UMAP
-1.6255258060361713,5.854387596835112,UMAP
-1.5719719155511789,2.6940644989126823,UMAP
-1.2410177220856853,7.718830797169021,UMAP
-2.607836105544929,7.035879907645306,UMAP
-2.5035581293961293,4.858600535536146,UMAP
-0.09489458742695467,-4.132083744693623,UMAP
2.5979911831978404,-3.8529741334564034,UMAP
-2.078027851036748,-2.4069403760770003,UMAP
-0.15095690722975963,-2.026278510537555,UMAP
-1.717557053373008,-0.48689248170633437,UMAP
-1.6983115772178907,-2.3404519944880486,UMAP
1.834877287490258,-4.942047132410747,UMAP
-2.124036152569477,7.805090991774813,UMAP
4.82864556996595,-3.76534870989672,UMAP
1.2471081199968923,-3.143249323229746,UMAP
-1.1637855327736357,7.546976456007218,UMAP
2.1822359866650625,-5.2998340426551716,UMAP
2.5135890639907736,-1.717052929882679,UMAP
5.053599600408045,-4.278202653680583,UMAP
2.0599592147129115,-1.1590234592893323,UMAP
-1.9323828946476405,-0.6244333990184711,UMAP
1.7470064129480494,-4.917574860460129,UMAP
2.3806805703097447,-4.982811554998468,UMAP
2.245615217082264,-5.2880772900564,UMAP
-1.7960679974265945,7.949429680904931,UMAP
1.0230483219124786,-0.5182020534836044,UMAP
-2.6086830655937434,5.293459791992765,UMAP
3.492167106402091,-2.364327621406882,UMAP
4.6186819621089334,-3.670441037135945,UMAP
-0.25691637011210444,-1.3455520415076845,UMAP
-1.376382077705458,-2.9077048901553373,UMAP
-3.4915375056923876,-1.354144503483274,UMAP
-1.2141566575300904,5.367110218761315,UMAP
3.576067476888624,-2.504403565455864,UMAP
-1.58865154705137,6.9571874992588745,UMAP
-1.4228310227014624,-0.4773509642268595,UMAP
-2.3822294687570684,7.601521723270945,UMAP
-1.023278893497447,-3.33387314230516,UMAP
1.0555512448315219,-4.724582985308663,UMAP
-3.4415907941006534,1.9286213292167527,UMAP
1.547542300598665,-0.6919335629201261,UMAP
-0.12273403618675127,-2.2346236143773655,UMAP
-2.4234014741559857,4.436333962275021,UMAP
0.6813942450320745,-2.666645840702245,UMAP
-2.0354798332988158,7.883432653439004,UMAP
-1.1284938576407573,-3.0396314583972273,UMAP
0.7791109568548121,-4.511168867292532,UMAP
-0.08652807389256711,-0.767149466355829,UMAP
4.790250309468496,-4.473116519606277,UMAP
-1.2230112433624392,7.5343983214862655,UMAP
3.1360876064783954,-3.7583779676769686,UMAP
-3.46625873492747,2.609387956332645,UMAP
-2.1593094504927297,-0.8379497392240444,UMAP
-1.4162337907756717,-0.23001422610484645,UMAP
1.6166322655409715,-2.7409326204451463,UMAP
-3.2740295141199027,-0.8480551641588988,UMAP
3.404238183656642,-4.831584975525502,UMAP
-2.7530894661555125,2.719162271232499,UMAP
-0.9831719195806041,-1.188159453242283,UMAP
-2.246576553505346,-1.2321194436728935,UMAP
0.39580221670128723,0.04251969630060837,UMAP
0.5937315347923036,-3.2632880771239106,UMAP
-1.5782456982847934,8.666349378878818,UMAP
-0.9801686806089678,-2.3081280388493868,UMAP
-1.0815418306645186,8.945703599425267,UMAP
-0.9925592496475764,8.724174505961594,UMAP
-2.1508649577209242,-0.572539119800788,UMAP
-2.6781300524089025,6.805209017769781,UMAP
-1.5721386059597564,3.362596345986633,UMAP
1.765926851646436,-1.0040666991622942,UMAP
2.004717859256823,-3.1253981084723703,UMAP
-3.2032141693128997,-0.7378954746542058,UMAP
4.847529349622012,-3.2878617894620765,UMAP
2.2325800842923127,-3.251674611440302,UMAP
-3.4749142063114125,-0.9186887878768547,UMAP
4.7612446850816905,-4.354172268763529,UMAP
-1.4366923828122196,2.184541652812764,UMAP
-1.1104297922360513,8.12081111600575,UMAP
-3.5858187443813145,-1.2889407368308614,UMAP
-1.7891604822431781,3.832780043371105,UMAP
-0.3477323850440337,-1.5222628038011186,UMAP
-1.1767150655445149,7.988395086749341,UMAP
-2.325160501860271,5.941166198092347,UMAP
-2.1619418493338043,7.7845014079227415,UMAP
-3.0815454038865697,1.690091611767473,UMAP
-1.4899016418817865,-0.9450799751145021,UMAP
0.9982612755273176,-3.5663011425093303,UMAP
-2.303480020462837,7.150576889002999,UMAP
-3.168726639746642,1.7573591163086282,UMAP
2.4424340752584914,-3.1877343938895324,UMAP
3.4123824763395416,-4.7406134799124295,UMAP
1.9594936243734087,-5.168708409753292,UMAP
-3.5823686851567027,-1.165029888973815,UMAP
-1.6433147597596518,3.491501438766671,UMAP
-2.3652290977011075,7.603640124290607,UMAP
1.4238985352721794,-3.6929181519941223,UMAP
4.653470669386648,-3.3876698633565536,UMAP
-3.374971277666588,1.8395735787862142,UMAP
1.2210556189090678,-0.2858221660707456,UMAP
4.972325412826899,-4.192656783838321,UMAP
-3.3922858951954638,2.5609834532068323,UMAP
-2.2199723808191565,3.397391665187687,UMAP
0.483438022657526,-0.5163930787597838,UMAP
-1.354029601401972,-1.0059300406968101,UMAP
0.7813815459231701,-4.777597520641341,UMAP
1.9051776094720996,-1.248784663365833,UMAP
-0.9866761802927728,8.621968934574001,UMAP
0.29720422965207016,-0.5954796093839686,UMAP
-1.6338000311229397,-0.42955355444705356,UMAP
-2.067127619450252,7.4364737894641415,UMAP
-1.595830440803292,-0.8863170020381038,UMAP
2.4270533776619425,-4.8724238847494545,UMAP
4.978733360260728,-4.364025540565723,UMAP
-2.8985917005308197,2.8649651364173443,UMAP
-0.7195432025353405,-2.2978399354836228,UMAP
-2.7646707547652185,3.479545747954707,UMAP
-1.3243140216194917,7.887187313837539,UMAP
-1.1891630629946865,-2.9147048418947907,UMAP
-1.4263710341432634,-2.9303096488199554,UMAP
-3.461403996573962,2.4280538492008725,UMAP
-3.199840563456977,1.8460892799713977,UMAP
1.3436689424135622,-0.8334468813146408,UMAP
3.4977000850213207,-4.774352919646963,UMAP
0.7673781820016489,-0.5139348223250036,UMAP
2.5559469088568534,-3.8540398479818827,UMAP
-2.141176335999371,-2.286447465930851,UMAP
3.2402663640122342,-5.3461273404026315,UMAP
-1.6660175237309591,-0.8697968122929965,UMAP
-2.5651951770223285,2.686313874975866,UMAP
3.499271392717586,-4.356522714774712,UMAP
2.528446722140848,-2.942902905363194,UMAP
-3.3295363478100954,1.8738631485214072,UMAP
-3.2630113720644633,2.5986806997818777,UMAP
2.568701411930408,-4.702647131525438,UMAP
-0.2317491839134087,-1.8951346207617323,UMAP
-1.4100226045869388,7.657886751219887,UMAP
0.8338656794477969,-0.4317338082271708,UMAP
4.269444692933867,-2.854431728480324,UMAP
0.34762209077527384,-0.7616050995376039,UMAP
-0.6012051225162729,-0.9360491881692948,UMAP
-1.3824077635998848,-1.1319920278960924,UMAP
5.177687389398865,-4.260786364593533,UMAP
0.2580067561624373,-0.8867142318797602,UMAP
3.53690980950154,-2.2582708417630735,UMAP
2.383556700752923,-5.367202128432327,UMAP
-1.3868529329523485,-0.9494990138130511,UMAP
0.4051744003607629,-0.6874743084877467,UMAP
3.059960421566826,-3.3032857075125506,UMAP
1.1871560784656432,-3.349919857845255,UMAP
3.654669790822047,-2.3021653795074672,UMAP
4.850372234313981,-3.6026872678833413,UMAP
1.6881214460278056,-3.2975625340804835,UMAP
-1.621802231873792,2.5973826961160307,UMAP
1.9907331328104236,-3.047589877384569,UMAP
-1.5768747156786613,2.708957372814384,UMAP
0.6869971198200935,-3.72965608419663,UMAP
4.596941699866102,-3.8837532092699054,UMAP
-1.0994447701458179,8.132318419844035,UMAP
0.7174304430202908,-0.6550809852573872,UMAP
-0.7219198647310967,-1.367814674307878,UMAP
-1.9312935912901121,-0.31233473617622765,UMAP
4.834828974099485,-4.54031098179916,UMAP
-2.5818590804404598,6.999139771623844,UMAP
-3.032838682857858,2.693060257565972,UMAP
4.436914143024147,-3.044159710562649,UMAP
-1.0493329418989754,-0.24802285572686011,UMAP
-1.8186809268845918,-2.0661458747658688,UMAP
-1.7772671773947812,6.897254163896826,UMAP
3.445251843462354,-4.180877814070532,UMAP
-3.5425912198594602,-1.032649289655776,UMAP
3.678494196483553,-5.089165521724404,UMAP
-2.8944484812542335,-0.7123204413612941,UMAP
-1.3291998640964775,5.568593778506025,UMAP
0.13132822394271537,-1.0127464841430864,UMAP
-2.467595820486116,7.08499694595884,UMAP
0.5581537147249805,-2.8991134427353904,UMAP
-2.11190716840917,-2.2663482647172613,UMAP
0.5899172951253453,-0.04681713814760324,UMAP
1.82461489175351,-0.88229644883298175,UMAP
4.7674596345147755,-4.254379893910262,UMAP
1.8572254041765413,-2.9153097269933412,UMAP
-2.337375025092236,7.66613104882527,UMAP
-2.934864071235036,-0.7675910025966256,UMAP
1.678283967324306,-1.0731525704481548,UMAP
-1.3547822488945158,4.670261961778504,UMAP
1.6840747183159464,-2.6403862690689874,UMAP
2.7120342812319853,-5.3575429868552735,UMAP
2.0388021239945773,-3.1086702381444673,UMAP
-1.5009801546142212,8.711441181425432,UMAP
-2.227122875726751,5.589129634736547,UMAP
1.1526137089960646,-1.931533397755215,UMAP
-1.0550659576657075,-2.984147090845817,UMAP
3.5751631694040222,-3.239658477023322,UMAP
4.091681520545014,-2.9548935857780627,UMAP
-2.6215672878412697,6.932009814760004,UMAP
-0.7004579997925362,-3.5970129595167113,UMAP
-2.551452445073728,4.503090167930091,UMAP
-1.5945498057682816,3.418317607067216,UMAP
3.5941531929798467,-2.331254087311392,UMAP
-2.6674109059352102,6.021381738146976,UMAP
-0.04113541318470726,-2.379160345718745,UMAP
-1.726213996265992,-1.972015298735609,UMAP
0.5683312620246392,-3.902635279422023,UMAP
-0.5002093685721491,-2.270485260538096,UMAP
-1.6972019708775479,-1.894995483165002,UMAP
-0.9016127940493317,-2.577975913924198,UMAP
-1.6558954693663979,3.455824716225491,UMAP
3.713990229728192,-2.3033657909903478,UMAP
-3.222438597709666,-0.8827641858041232,UMAP
1.1921401292893827,-1.1325169757399811,UMAP
1.2302660577589901,-3.62567804271163,UMAP
-1.4658165086556432,-0.8310111272990693,UMAP
3.1380354009195917,-4.485265297016557,UMAP
-0.7295597609215427,-1.7972597563728816,UMAP
-1.0769541927328268,8.877444599617146,UMAP
4.484862264436794,-3.813039377400386,UMAP
-0.9845584029170382,-1.3744218787031812,UMAP
0.5275541451897948,-4.643334266597053,UMAP
-1.4652848318696208,5.912184884140235,UMAP
2.354595384916899,-5.397880745107147,UMAP
1.0692090959839902,-3.816788085282798,UMAP
1.8050443797438755,-1.9504822779324438,UMAP
-2.6683302683832246,6.9228086935447415,UMAP
-0.30635546122980695,-1.1079761997553863,UMAP
0.9842620151894539,-0.4453911306529702,UMAP
-3.626558246305202,-1.213201615205905,UMAP
-1.7727071319873597,-1.6905661071512816,UMAP
-1.6101034581592857,-1.2619140568373353,UMAP
3.8515541586319815,-2.5792726202701513,UMAP
-2.309987506008008,4.376083236752649,UMAP
3.3246506206493938,-3.679102174489438,UMAP
-2.351775409337581,5.132119325337894,UMAP
-1.6191983824405183,2.731057449630633,UMAP
-1.337204771377864,5.482504888069334,UMAP
-1.8236239149419196,-2.326371654415117,UMAP
-2.3565078211938317,7.685022309726383,UMAP
-2.0169359457318623,-2.197166375738142,UMAP
-3.1696512810644526,1.8008224345739574,UMAP
-1.1427140226652415,8.182451207946809,UMAP
0.051940553430769976,-0.7294980823090457,UMAP
-3.1907313851833816,1.7724180757800583,UMAP
-1.1191497632571434,8.749246312095739,UMAP
-3.364964975744271,1.8344996269419203,UMAP
-1.5407569747392937,-2.1135198569591913,UMAP
-2.379019189188235,7.660816025690206,UMAP
1.2451516633402462,-4.140029894662364,UMAP
-1.3167310367208498,1.8344744662569274,UMAP
-1.6545981312328295,3.0573840057712443,UMAP
3.423223487203254,-3.700166900696248,UMAP
4.038153235247254,-3.5816482318369194,UMAP
-2.7654337034381133,3.3195578369878014,UMAP
-1.9633633491565017,-2.510905478829139,UMAP
-1.5895014756041288,-0.6420088242747587,UMAP
0.6264952076096382,-4.059543739279533,UMAP
3.549664816444841,-4.252834814317409,UMAP
-1.6108143115457758,-2.7678465296669272,UMAP
-1.338864252733023,-2.7080231890603024,UMAP
3.5939271717112478,-4.9280675817539565,UMAP
1.3730577448337264,-0.44902446279731156,UMAP
-2.662259269792427,6.884238550398217,UMAP
-2.496835638382969,-0.5836260612167995,UMAP
2.3214501114242285,-3.1365517101058624,UMAP
4.363602045085338,-2.7963320873409887,UMAP
-2.135419929457891,4.076915503311945,UMAP
-2.344870145498247,3.496597913575374,UMAP
-2.6223470277814447,4.29869513198021,UMAP
1.473923054322865,-1.2812229608465087,UMAP
3.9330690172256695,-2.584780387605202,UMAP
-1.633746445412462,5.67320462031429,UMAP
-1.3069895969788146,6.999194141400685,UMAP
-1.0383447690941319,8.957964349311746,UMAP
-1.7278845248756078,3.7019054495362984,UMAP
1.1526283444535286,-0.8460385242904481,UMAP
-3.247679826543197,2.6346541997707265,UMAP
-1.6995533034854549,-2.8407891357296187,UMAP
1.4977349161342246,-1.4279671620799497,UMAP
-3.055420591125925,1.8569939126077126,UMAP
3.587068678094721,-4.040322403380201,UMAP
0.3503324902963493,-3.151203127932108,UMAP
5.001509636421199,-4.403583781030449,UMAP
1.3722441604107454,-1.9675171080408176,UMAP
-0.33425675036664915,-1.6837116985116762,UMAP
-3.3746115509121237,2.7068852714446954,UMAP
4.488399568508284,-4.7063639517905935,UMAP
2.3065348004414523,-4.751610206546118,UMAP
1.5839936403164026,-1.5439617814450268,UMAP
-3.6327206271138186,-1.3172146256137367,UMAP
-3.45912206459861,2.532395302679615,UMAP
-0.0295138049216704,0.0018061346210397008,PHATE
-0.006783920211006018,-0.01592991555499739,PHATE
-0.03424109366343026,0.0151968308573791,PHATE
-0.03145573956792297,-3.627322042842749e-4,PHATE
0.05429561601369869,-0.01166597950758135,PHATE
-0.026180280931077434,-0.007870573368407833,PHATE
-0.030303513555890317,0.0033033397101619754,PHATE
-0.0338346611912691,0.01253732308031571,PHATE
0.0017484819719965487,-0.02236806109360046,PHATE
0.04436667997672245,-0.01429023747408226,PHATE
-0.031526869593615975,0.021383366156848382,PHATE
0.03552228336376366,-0.020929793544187836,PHATE
-0.03147138226048737,0.028477602648002406,PHATE
-0.03344421539936011,0.021816583421911995,PHATE
-0.0301307838876024,-0.002659734417283372,PHATE
-0.03434730535463617,0.005171157536673596,PHATE
-0.030611022398179887,0.0037566734698049426,PHATE
-0.02228064670008854,-0.011554692847973462,PHATE
-0.03318960250512123,0.008956622943220367,PHATE
-0.020679721294280952,-0.013046530209607998,PHATE
0.07395408939387266,0.023321718780807816,PHATE
-0.031524150061544604,0.03130220044273402,PHATE
0.040728443269863274,-0.019091059254508796,PHATE
0.02553074412670635,-0.02363589530747859,PHATE
-0.02342410595636938,-0.01015389803004271,PHATE
-0.005164561427313239,-0.018943823691144834,PHATE
-0.03270226324130391,0.02328501598722689,PHATE
-0.022358529575563543,-0.011494821381097179,PHATE
-0.021080213936325615,-0.013185984877389678,PHATE
-0.031493424622436886,-0.0019665756083852475,PHATE
-0.033547088157558615,0.018136549445972244,PHATE
-0.030940035182574502,0.025312896738208263,PHATE
0.06603235478169274,0.004798608837146041,PHATE
-0.016694958530118063,-0.015576820886871122,PHATE
-0.010872191500238345,-0.020796952464012742,PHATE
-0.029126550096608965,-0.0010674199732453806,PHATE
-0.034299228513607144,0.017125699310868738,PHATE
0.0725543532212116,0.03355332885286329,PHATE
-0.030337733646167115,0.001792315989957845,PHATE
0.05755628053046069,-0.006969032715926466,PHATE
-0.03332144105535989,0.008431285273880353,PHATE
-0.03058318917873244,0.001870532818320097,PHATE
-0.03095102278313558,0.02573405778422272,PHATE
0.06913833292885391,0.008415403032213782,PHATE
-0.033140741919345504,0.012835798929503255,PHATE
-0.002211191330092931,-0.02176026908282134,PHATE
-0.030749830512905477,0.027643184195122145,PHATE
0.057289012950911974,-0.00938475355655639,PHATE
-0.028324497616413518,-0.00539837429086344,PHATE
0.02878765819890627,-0.023068122360162844,PHATE
-0.03232841553663493,0.0030366952520562186,PHATE
-0.03425670891771373,0.007093773921645379,PHATE
0.05525330875112986,-0.007201091337022997,PHATE
0.07183070628265444,0.037287059673223336,PHATE
0.059608188878525176,-0.004407905700965127,PHATE
0.0214376179269531,-0.022324933987869642,PHATE
-0.03250747913000992,0.02832140936163316,PHATE
-0.02788719652946994,-0.0034774563084623957,PHATE
-0.03241060841212104,0.01861466022312349,PHATE
4.726360855032118e-4,-0.02344304141635,PHATE
-0.033191665611603166,0.007273008606920955,PHATE
-0.0330207202808705,0.01757732452277174,PHATE
-0.03250178231777125,0.015462408448972587,PHATE
-0.009220262642037975,-0.014599449466512083,PHATE
0.014654241901359022,-0.023280428765538128,PHATE
-0.03356697208346938,0.009125277707729522,PHATE
0.037628407379188336,-0.020594022175300545,PHATE
0.07344677565566055,0.0322823431604635,PHATE
0.06011653662429336,-0.0038676035356954236,PHATE
0.0725524349346472,0.035271284945996996,PHATE
-0.03019447738678717,-0.0029542135785463166,PHATE
-0.03335546749988434,0.0038580973021391223,PHATE
0.0733781704644299,0.021152021521089855,PHATE
-0.02091405330859479,-0.013002397703806434,PHATE
-0.03085104681207797,-5.011815709504937e-4,PHATE
-0.03412789089164401,0.016012161268329952,PHATE
-0.007106301519594332,-0.015523491833965624,PHATE
-0.020672971010268583,-0.009859241703866456,PHATE
0.07179293636868707,0.03759282672381085,PHATE
-0.014925043097041898,-0.015593351702336018,PHATE
-0.0214628739855467,-0.011511909376504927,PHATE
0.04357096092551761,-0.018359162655957176,PHATE
-0.03292994984165761,0.029381168768936684,PHATE
0.07004721192394606,0.012892552592626262,PHATE
-0.03326498673308939,0.012644623343819208,PHATE
0.07379707084334454,0.024949016207301652,PHATE
-0.03300884984276708,0.015164005329702841,PHATE
-0.03235197393386716,0.001984579570095338,PHATE
0.0735503966712972,0.021778887689786607,PHATE
-0.030718607638435636,0.027282849351558586,PHATE
-0.034328237812317516,0.018586835765386285,PHATE
-0.021009509603874005,-0.01288352214958247,PHATE
-0.026277766770779552,-0.007138648812049881,PHATE
-0.014078796230958588,-0.016587184524922482,PHATE
0.008610745693933173,-0.02503610812857708,PHATE
-0.030394763301917108,0.029662112877344635,PHATE
-0.03125122113340182,0.008335403828594969,PHATE
-0.008950447312166843,-0.017095885977029063,PHATE
0.07353331205300154,0.03143300317952877,PHATE
0.06996026080522097,0.00847154563158385,PHATE
-0.004757977959587363,-0.021633531957284145,PHATE
-0.03359351300026544,0.01032978842645745,PHATE
0.0348699391673863,-0.02127987644949534,PHATE
0.047860627898518256,-0.015037638137267613,PHATE
0.06377068479031991,-0.0013852337955186195,PHATE
-0.03117994234523797,0.001972925164997862,PHATE
0.06000998186337438,-0.005054042284983039,PHATE
-0.03130905547213436,0.0017098735290251243,PHATE
0.04333399191899496,-0.016243399082851172,PHATE
-0.03169244293684631,0.0012997095227395249,PHATE
-0.018658200943917982,-0.013785692217003192,PHATE
-0.02194879451803586,-0.01185863539115159,PHATE
0.07378114142875764,0.022921330407566005,PHATE
0.07377814400182443,0.029265566279456385,PHATE
-0.030431552603420745,-0.0038827081257719947,PHATE
-0.02804199261183409,-0.005313189527681691,PHATE
0.03740081318648618,-0.02053390542088373,PHATE
-0.012856649413611889,-0.017514141719515732,PHATE
-0.018063661792024798,-0.015272747268057855,PHATE
0.01552804740096111,-0.023658647512979525,PHATE
-0.031065212282155166,0.003701037796852035,PHATE
-0.03090273512061318,0.026778310339347577,PHATE
-0.032324521366603805,0.02127456052977684,PHATE
0.06645551741656616,0.005898190937571669,PHATE
0.06062599925085717,-0.0045779218968300265,PHATE
0.05211939430152256,-0.013565508093127685,PHATE
-0.03344416250003034,0.02389500178528868,PHATE
-0.032207379852164764,0.025498449825246905,PHATE
-0.032286556317644564,0.007660200801538481,PHATE
-0.03405243071760998,0.025170355709430443,PHATE
0.06827126609875042,0.008505249811127593,PHATE
-0.0012650831146749563,-0.021896669872744128,PHATE
0.0718922465662011,0.013728707513880547,PHATE
-0.03261725918640061,0.006298363977812947,PHATE
0.05766766989433282,-0.005566131343098452,PHATE
-0.03301706488338644,0.003590678983726827,PHATE
0.017946107922052975,-0.024077001609751358,PHATE
0.008232232575665882,-0.022753018120024976,PHATE
-0.032872070537970116,0.0053050405287501275,PHATE
-0.032722098456958955,0.006228488299284425,PHATE
-0.022522379478164278,-0.011555675517839238,PHATE
-0.030761994451146562,0.03165340588039455,PHATE
-0.02567943944062229,-0.006017565566743158,PHATE
0.07361086256153557,0.02179107994537681,PHATE
0.06181179190545176,-0.004490539826385219,PHATE
-0.033506635157610314,0.009105727724071649,PHATE
0.0016627055447723238,-0.023617469539319615,PHATE
0.047556908140255504,-0.012070312303210078,PHATE
-0.03221026798203031,0.002219152246588995,PHATE
-0.019171058651847317,-0.014954652110483331,PHATE
-0.024332996902029138,-0.010913323785782702,PHATE
0.06830428831900522,0.006552174477687193,PHATE
-0.03236621514926721,0.007428438363130056,PHATE
0.020769059988167558,-0.02336246676599727,PHATE
-0.031301758046693454,0.03200988009821719,PHATE
-0.031363328450909965,0.02244163497027394,PHATE
0.0723030855537081,0.03600769822999217,PHATE
0.057922386438968354,-0.005250975222535814,PHATE
0.07025591224941481,0.013633336369368709,PHATE
0.05091951166179571,-0.013103530777519015,PHATE
0.014419710709542623,-0.023007095399739892,PHATE
-0.02748911381133351,-0.001028174702549385,PHATE
-0.014886435231303863,-0.01648472510983656,PHATE
-0.0339568822998116,0.0054725268103365905,PHATE
-0.030016954274372884,8.711184701444364e-4,PHATE
0.004855687312126561,-0.02452388233524434,PHATE
0.07153758245777211,0.01365904004844186,PHATE
-0.0323264472336523,0.030454293912369895,PHATE
-0.03039552241965328,0.02897883537064153,PHATE
0.07398331633414681,0.025481483212062724,PHATE
-0.015355702020385517,-0.01653389115376795,PHATE
-0.02669876763090315,-0.007043264937119415,PHATE
-0.009373047171206277,-0.02087763017283946,PHATE
-0.02772990268396912,-0.006303381602134843,PHATE
0.0641518910330861,-0.0012383168455718562,PHATE
-0.0050805756403640885,-0.018270205614397732,PHATE
-0.013221223106574137,-0.016669537323432557,PHATE
0.0625963909990318,-0.0034234136810572567,PHATE
-0.022771675185232754,-0.009624386815112478,PHATE
-0.0034590990508841816,-0.020628443890272196,PHATE
0.07199316669613086,0.014855459365802319,PHATE
-0.028753449011244124,8.982313262001771e-4,PHATE
-0.029523531695839513,-3.2704950749966116e-4,PHATE
-0.03132051765875814,0.024243818206081253,PHATE
-0.03179996528954236,0.004281150328206172,PHATE
-0.021321319950147476,-0.010818093382483797,PHATE
-0.03221020527165152,0.007888896861150439,PHATE
-0.03411015132930601,0.016471805642112054,PHATE
-0.0072403535924214606,-0.02152327006132184,PHATE
-0.034319051032254924,0.015236093980165318,PHATE
-0.033889024410371,0.013070097233463075,PHATE
0.04762691855157094,-0.014029096200326021,PHATE
-0.014114329434539647,-0.01763240103489721,PHATE
-0.031004996286692253,-0.002017551653642022,PHATE
-0.024473002392675667,-0.00886739995434505,PHATE
0.04199651576308858,-0.015187695600530468,PHATE
0.07310384206636603,0.0281601595266118,PHATE
-0.00992739777585588,-0.018529711709335466,PHATE
-0.030286476287706345,9.721474500333354e-4,PHATE
-0.03245404569187848,0.003924558415914105,PHATE
-0.028504002692400214,-0.002796185663631833,PHATE
0.06567866564136772,0.0041817621172792864,PHATE
0.06732459912456297,0.007112954688528769,PHATE
-0.033910185330874025,0.008834908771402201,PHATE
-0.03377727343744057,0.0185021595845356,PHATE
-0.031555585957938295,0.0033665923534933217,PHATE
-0.027360980325253782,-0.0012230564454862344,PHATE
-0.034649009396919804,0.01359423447298321,PHATE
-0.03162409142363779,0.004801416350201251,PHATE
-0.012635875963237352,-0.01702954303917295,PHATE
-0.03192758019435455,0.0165291352786278,PHATE
0.016260052591511694,-0.023030081292653836,PHATE
0.05220705572490881,-0.010769566519154889,PHATE
0.009222748888169955,-0.02292165002933467,PHATE
0.07227597683847937,0.018907451391031206,PHATE
0.07124203638021316,0.011287298135406576,PHATE
0.0580853570784172,-0.008615257168556531,PHATE
-0.026347306829179528,-0.0032701405610524497,PHATE
-0.032281485110567554,0.008496372384800175,PHATE
-0.011546896729434066,-0.016575370773215817,PHATE
-0.027082001091932803,-0.00687210542996596,PHATE
-8.076780209871178e-4,-0.02299355343031795,PHATE
-0.017623207988672042,-0.014414240164754469,PHATE
-0.034263291643408335,0.011803689722491129,PHATE
0.07373266671885224,0.0229839019359353,PHATE
-0.031643331547277546,0.029231262427543835,PHATE
-0.03130893108752301,-0.0016770300685092895,PHATE
0.07190246730186951,0.018618482368407664,PHATE
-0.033405126037477355,0.02183817067144777,PHATE
-0.03080448504295033,-2.469262793956801e-4,PHATE
-0.033609714977085786,0.02188837149404628,PHATE
-0.032153988201896105,0.004002100234683782,PHATE
-0.0019346595862354552,-0.023666663293318617,PHATE
-0.034187313644257755,0.014151294971104452,PHATE
-0.03465629097356345,0.018863602600226254,PHATE
-0.0335550914504194,0.02223923404990019,PHATE
0.07367393328025812,0.0214906855250229,PHATE
-0.02370336596488467,-0.010063939925590742,PHATE
0.05471159622322585,-0.01066099048312576,PHATE
-0.030532204204598717,0.005052704918894506,PHATE
-0.03050357939666534,0.029907762951268416,PHATE
-0.02112697978088696,-0.01282792825945567,PHATE
-0.0214371154059926,-0.009862240187233093,PHATE
-0.012593111005470494,-0.014916228225903876,PHATE
0.061215344047512533,-0.0037704624356375946,PHATE
-0.03168681017561494,0.008264708940215833,PHATE
0.06913599768012567,0.010515440577874093,PHATE
-0.007050876585207192,-0.022080344005673457,PHATE
0.07303743015712923,0.018878174719851887,PHATE
-0.0210216134255542,-0.009239827948613055,PHATE
-0.032534902051795336,0.00661196952697019,PHATE
0.02102278199597596,-0.022718098757612402,PHATE
-0.027654157749411844,-0.004655811343452,PHATE
-0.02838631812609325,-0.005162984832600648,PHATE
0.05092577385796759,-0.01335360344450588,PHATE
-0.02976116629543084,0.001034992722135099,PHATE
0.07402779924672627,0.02396975119505454,PHATE
-0.02258657190533236,-0.011844510985318142,PHATE
-0.03298917629088784,0.006521408075022759,PHATE
-0.02068630327948059,-0.012936638510725398,PHATE
-0.03165097906090864,0.03222607491921872,PHATE
0.0717637575830991,0.0175998703351349,PHATE
-0.03352933090335781,0.012043717030740704,PHATE
0.030445335156000876,-0.022042289684836985,PHATE
-0.012228563759902594,-0.020020183254870035,PHATE
-0.004690748744707572,-0.022519735689257834,PHATE
-0.03196059994869945,-1.0259102668184202e-4,PHATE
-0.00219676621296491,-0.01916018337029517,PHATE
-0.03146129398262929,0.028973439284283312,PHATE
0.017762957038365966,-0.024758842153137887,PHATE
-0.014511098049803606,-0.01703562642990789,PHATE
-0.012494674874740482,-0.020007839377949095,PHATE
-0.009087776399531667,-0.01855514816318444,PHATE
-0.03326871343234465,0.006875130443818153,PHATE
0.07340422777992249,0.03271761712504639,PHATE
-0.024912646671190666,-0.010111398813336225,PHATE
0.07182508442553502,0.03780520613027627,PHATE
0.07240745031637542,0.034422943293292124,PHATE
-0.00484908038485723,-0.023112649030291702,PHATE
0.06601090318616074,0.0012667185159085798,PHATE
0.027305789492936293,-0.019437885731264416,PHATE
-0.03039567829039039,-6.534082988691496e-4,PHATE
-0.03148597892749159,0.002399819531364436,PHATE
5.87743604621735e-4,-0.020089502112662642,PHATE
-0.03405744723208431,0.01658694280186068,PHATE
-0.03162429503800792,0.004754131264541853,PHATE
-0.004347258543078277,-0.01724899680943029,PHATE
-0.031766251246631315,0.03178245327817273,PHATE
0.002414200848183209,-0.02191718369483391,PHATE
0.07308872823313609,0.023537324109745298,PHATE
-0.008413362929537552,-0.016920371872830874,PHATE
0.03943985092307981,-0.015986434756073222,PHATE
-0.023512181234003848,-0.010777822431678715,PHATE
0.0729336436732067,0.022821895076763327,PHATE
0.06563101890547161,3.5369801075683206e-4,PHATE
0.07365956033595168,0.02255401515224961,PHATE
0.03219471500154674,-0.020328296381168072,PHATE
-0.007995291579802331,-0.01980450537246976,PHATE
-0.029316052879396332,-0.0053195008809806274,PHATE
0.0704235288901121,0.01066822366271042,PHATE
0.027372879805939197,-0.02107732181211784,PHATE
-0.03126522995432485,0.004682928878059625,PHATE
-0.031336118258620524,0.02940684118587867,PHATE
-0.033997426073813765,0.01656277137336029,PHATE
-0.009880273956552716,-0.01484730143412599,PHATE
0.034645996801795385,-0.017312500988999644,PHATE
0.07215138520984286,0.015464829575065094,PHATE
-0.0336348331322249,0.003405691443977311,PHATE
-0.0315051428099542,0.026753427483888807,PHATE
0.01952815650627076,-0.022886679604279238,PHATE
-0.019197491544852993,-0.01315611339539487,PHATE
-0.03346848153583235,0.024811769566940367,PHATE
0.027174209269830774,-0.02270411506443707,PHATE
0.032425112253244195,-0.02108163394037511,PHATE
-0.020606601247286263,-0.013352428250357571,PHATE
-0.00989418285836832,-0.018740126771036193,PHATE
-0.02827731861397834,5.329869136613529e-4,PHATE
-0.031426232098281964,0.0020696111239825424,PHATE
0.07290034092683254,0.03132608303021847,PHATE
-0.017247708069312875,-0.016669878558928188,PHATE
0.002732809198186613,-0.022663112785487178,PHATE
0.07105582447469655,0.012157419786692353,PHATE
-0.009252664710822743,-0.019937335681708038,PHATE
-0.03483007429362618,0.01905482265479897,PHATE
-0.033828310371183355,0.02379141295367443,PHATE
0.02314776706374677,-0.024071434914179107,PHATE
-0.023751326634848823,-0.009826335579288945,PHATE
0.03567796693747025,-0.021165684506160545,PHATE
0.07232756142903365,0.018986858672338524,PHATE
-0.022638215531110815,-0.008370048214392292,PHATE
-0.02104470646472697,-0.010682254131471967,PHATE
0.029894332355813184,-0.022143775260258736,PHATE
0.03614766071401227,-0.0190349224662315,PHATE
-0.02656434214760215,-0.006467591677770049,PHATE
-0.030700519950686827,0.03128218500919623,PHATE
-0.02197035413454542,-0.011842358552397276,PHATE
-0.03330812480681578,0.01088208724917932,PHATE
-0.008291254851967987,-0.017514456241380653,PHATE
-0.032445876052554105,0.029750940224897555,PHATE
-0.009527870185762895,-0.02074161014056133,PHATE
0.012775389162201584,-0.02511663785948431,PHATE
-0.03102183014805677,0.027396031976045798,PHATE
-0.02636571826406842,-0.006131101642054158,PHATE
0.027706889643060676,-0.02162284880627838,PHATE
0.021568483884831333,-0.02371118782131894,PHATE
-0.034828595500935,0.020229867200617112,PHATE
-0.025237613248730355,-0.0094931663885217,PHATE
0.07050028046010576,0.01284232462528871,PHATE
-0.02098846564079623,-0.01246095981249919,PHATE
-0.03243954606733005,0.015624752547444823,PHATE
-0.02130398205490637,-0.013697543484076828,PHATE
-0.016487742182656098,-0.01662163893046834,PHATE
-0.010965342950428636,-0.019076946016318194,PHATE
-0.03391431117597688,0.017819791709082766,PHATE
-0.024337400017551494,-0.00991644316270828,PHATE
-0.0308688115182695,0.005135992568305091,PHATE
-0.03330482691384531,0.023438844065833336,PHATE
-0.008431641628841637,-0.01954879072799773,PHATE
-0.021993627341989258,-0.011387402996676513,PHATE
-0.03204115230813901,0.008355792244136243,PHATE
-0.030853662130762925,-0.0023700811484349445,PHATE
-0.031278581423562324,0.00655491812623552,PHATE
-0.030736071738764432,0.02905320169287144,PHATE
-0.03341776710199992,0.0023940075316558167,PHATE
0.010182097435142206,-0.023400639275871445,PHATE
-0.03193812136375091,0.002877998087175588,PHATE
0.011345691925565796,-0.023106713499168194,PHATE
-0.031975424701369284,0.002063171749047696,PHATE
-0.030633269781826233,0.030844941988341437,PHATE
0.07328164105748818,0.024016451266220158,PHATE
-0.02310771477997621,-0.010700728928851825,PHATE
-0.01844577033613018,-0.014935198360078563,PHATE
0.0037093277179172505,-0.02387415840511253,PHATE
-0.031640776453038054,0.032278901689796816,PHATE
0.07088490910737102,0.010521188447235015,PHATE
0.020116893162166794,-0.024361628243399713,PHATE
-0.03208557642094768,0.021387281562447343,PHATE
-0.007484614575862839,-0.021619350084637917,PHATE
-0.013890291220199786,-0.01750756122392532,PHATE
0.06820703132762321,0.008449590493406128,PHATE
-0.03160893518431088,0.02240288850954123,PHATE
-0.004095343725830434,-0.017287432600160052,PHATE
-0.032382502411855654,0.03083526022549712,PHATE
-0.0013946951395798182,-0.022820643917758537,PHATE
0.05938984853735274,-0.005630327295351346,PHATE
-0.024248764198570468,-0.01061039876087583,PHATE
0.07149140839778854,0.012004170539548423,PHATE
-0.028049705057361162,-0.005960755052523863,PHATE
-0.013386375162582861,-0.01662454092499734,PHATE
-0.012988169231338947,-0.01744592179840885,PHATE
-0.027985116480603704,-0.005025047970412469,PHATE
-0.03258092633442479,0.028541396438575464,PHATE
-0.033256807621404635,0.0033688948014957906,PHATE
0.0727417683831699,0.01802024445641827,PHATE
2.3324760112870916e-4,-0.022741516597389065,PHATE
-0.030107726626998454,1.9224646142520017e-5,PHATE
0.05421586587617209,-0.007821450610727507,PHATE
-0.030949283254626418,-9.334798616157325e-4,PHATE
-0.033054226200580454,0.027164966178205536,PHATE
-0.030966652042223094,0.0019794442047684647,PHATE
0.07307900206921716,0.03402654831743452,PHATE
0.06355435588642307,-0.0018887046723286515,PHATE
-0.03001480081458343,-7.470208934790697e-4,PHATE
-0.023539484157894974,-0.007492665933885895,PHATE
-0.033308238338592984,0.011109175541790129,PHATE
-0.0320836647791259,0.016666392766891084,PHATE
0.0687445017695579,0.0057046560168941395,PHATE
-0.02418228141761466,-0.006446648622341706,PHATE
0.05152388269388496,-0.013970186263103297,PHATE
0.03265590158202248,-0.01794572366182663,PHATE
-0.030561892684857882,0.0052364820746370454,PHATE
0.05983351197220046,-0.006685096244838184,PHATE
-0.028727594263800744,-0.003428646020616646,PHATE
-0.01571465127494464,-0.01594690277652515,PHATE
-0.03292442853164217,0.005184053259738528,PHATE
-0.02625880439617885,-0.007627414136186451,PHATE
-0.017290466649880928,-0.015884094467187946,PHATE
-0.023311079732494622,-0.009402285145878727,PHATE
0.0335797624175326,-0.017651931848038226,PHATE
-0.031185681722960584,0.007524496255819099,PHATE
-0.0023389594143739794,-0.020551923014646086,PHATE
-0.027454450644852416,-0.0064351438365425435,PHATE
-0.031907991679668686,-8.368718375924011e-4,PHATE
-0.005418929339858259,-0.020440692086751457,PHATE
-0.03262189491421226,0.023523553574975917,PHATE
-0.01994050130235533,-0.013463726074761699,PHATE
0.07188412256806356,0.037453532681264945,PHATE
-0.030421234371393536,0.03041620387513246,PHATE
-0.01604174707224059,-0.01626632150265876,PHATE
-0.026379525946957166,-0.00307421089453681,PHATE
0.05585982955378781,-0.008228447900238233,PHATE
-0.03321537991061398,0.024123220890909722,PHATE
-0.031644343199171275,-7.09279529265706e-5,PHATE
-0.03346014401809593,0.010323188576818083,PHATE
0.06965240531227031,0.007779372145105942,PHATE
-0.020486934643528427,-0.013415492547319918,PHATE
-0.02505712478715397,-0.009631740703518427,PHATE
-0.007976266704151035,-0.015797550844286513,PHATE
-0.013529841506684263,-0.017490286609525077,PHATE
-0.010729747875823162,-0.01964375164649983,PHATE
-0.03149457268316538,0.01064789085790283,PHATE
0.04828296222821821,-0.01460685977067553,PHATE
-0.033127609103289164,0.01666290798150742,PHATE
0.05667088710012554,-0.010005388115029825,PHATE
0.011457851802045779,-0.023320727768731918,PHATE
0.0635285485928264,-8.105234985757153e-4,PHATE
-0.014417326289584614,-0.014957579381483049,PHATE
0.07281864032873711,0.0188879350441878,PHATE
-0.007664803368750902,-0.017513873872867493,PHATE
0.030460307890909484,-0.02110669451687252,PHATE
0.07309723408711108,0.02429892026057961,PHATE
-0.021986086593814434,-0.011675608006492616,PHATE
0.03221677930716475,-0.020375236796389716,PHATE
0.07295401335736892,0.03167619221269392,PHATE
0.019702952188776917,-0.022628740473857954,PHATE
-0.020795599252808855,-0.012598451749705187,PHATE
0.07310175875189681,0.019197610284337356,PHATE
-0.034070491043885015,0.0067101277013002355,PHATE
0.002551255248429532,-0.022922666724689667,PHATE
0.023732997635150792,-0.021130867061894633,PHATE
-0.032750910204608054,0.01927781296928413,PHATE
-0.03214439421363269,0.01921189000974929,PHATE
0.034680764799777025,-0.021310547230431343,PHATE
-0.015041573080457766,-0.015330525483187538,PHATE
-0.0019533657437272056,-0.021477413000837324,PHATE
-0.031293027862092156,0.0014217078372605412,PHATE
-0.03084437845617481,0.027459121479001015,PHATE
-0.019002426971453584,-0.011403562198497972,PHATE
-0.022473508333212797,-0.010278468932964514,PHATE
-0.031192283564514287,0.030088772741246907,PHATE
-0.023522043437504445,-0.009858098982067371,PHATE
0.06809338538682017,0.004750694285426247,PHATE
-0.0026445595028300644,-0.023077513957614162,PHATE
-0.03043086890788607,0.002540746889060458,PHATE
-0.0338927609893467,0.015481675575482433,PHATE
0.04332460675470978,-0.016457238328231122,PHATE
0.032183842017131044,-0.02087248625664675,PHATE
0.047887805428437895,-0.016122770661949726,PHATE
-0.029026869331123757,-0.0016111053307546292,PHATE
-0.031895911742460356,0.008968804488156642,PHATE
0.05775436985945747,-0.007591625962989248,PHATE
0.06931746894757616,0.011399335531049487,PHATE
0.07166920934162968,0.038071497431892545,PHATE
0.03824124799380265,-0.016208523825409042,PHATE
-0.024898304159072137,-0.008588355316581246,PHATE
0.022242031236882474,-0.023907935782142398,PHATE
-0.01826368646408037,-0.013074554189033005,PHATE
-0.031076348329923238,-0.0025910460593814963,PHATE
0.03686375172279556,-0.01879130999233223,PHATE
-0.031776248160942634,0.023847752755518946,PHATE
-0.03118044307962315,-7.4968268949514e-4,PHATE
-0.03410489652098546,0.020526845137792286,PHATE
-0.03226093390300559,0.005067163262140411,PHATE
-0.023769553898255417,-0.010415863479465172,PHATE
0.029796882019705692,-0.022151097856622143,PHATE
-0.03182519016441332,0.03270937414528076,PHATE
-0.03519564411450766,0.018514069878821295,PHATE
-0.03128332213841605,0.0033571512625261294,PHATE
-0.009523616563161032,-0.015067720881164303,PHATE
0.027441689281390996,-0.022306774758217643,PHATE
-25.476156,-10.246489,TriMAP
4.5532465,13.349196,TriMAP
-37.999004,-5.1692862999999996,TriMAP
-23.483764999999998,-0.63679415,TriMAP
49.0219,-0.7297187,TriMAP
-14.531724,-3.9840848,TriMAP
-38.893497000000004,6.9560595,TriMAP
-26.747738,6.544363,TriMAP
13.297606,5.74681,TriMAP
45.57479,3.9421058,TriMAP
-42.8092,5.190086,TriMAP
36.555622,0.119371235,TriMAP
-43.755116,-2.7181659,TriMAP
-40.682903,-7.725938,TriMAP
-19.851583,7.9555097,TriMAP
-28.921537,-1.864876,TriMAP
-33.6685,-1.6690273,TriMAP
-4.643016,12.519523,TriMAP
-34.819977,-1.8971925,TriMAP
-8.104546,2.8871858,TriMAP
72.51113,0.036682237,TriMAP
-44.541332,-3.4401662,TriMAP
42.718456,0.52690965,TriMAP
31.524637,0.20439239,TriMAP
-9.500128,-1.5222218,TriMAP
5.049938,-9.639748,TriMAP
-41.336388,-3.4121842,TriMAP
-9.737947,7.7957354,TriMAP
-4.3949785,-6.319471,TriMAP
-23.828148,3.9683783,TriMAP
-39.27922,-3.469569,TriMAP
-45.030457,3.851668,TriMAP
62.305916,-2.1695273,TriMAP
1.8476073,10.608518,TriMAP
0.9844972,0.20744666,TriMAP
-20.160921,1.8636903,TriMAP
-38.986652,-7.2877293,TriMAP
82.01601,0.6666736,TriMAP
-20.318665,4.150539,TriMAP
60.144783,-1.5230788,TriMAP
-25.386518,7.3759403,TriMAP
-20.830473,3.3722153,TriMAP
-44.22111,3.4467363,TriMAP
71.12261,0.30674544,TriMAP
-38.925655,0.48772472,TriMAP
8.366249,-4.638722,TriMAP
-43.546215,-0.6523666,TriMAP
51.766705,-2.7032297,TriMAP
-18.135265,7.8883495,TriMAP
32.716312,0.17088902,TriMAP
-23.528698,-2.528559,TriMAP
-29.079918,2.0649476,TriMAP
52.85861,3.654687,TriMAP
82.45711,0.7939235,TriMAP
56.077805,2.7550611,TriMAP
30.213795,-8.034134,TriMAP
-48.901127,0.672227,TriMAP
-34.26388,0.91643584,TriMAP
-41.867676,3.473226,TriMAP
10.417245,2.9840899,TriMAP
-21.517473,0.704077,TriMAP
-39.72788,-1.6960955,TriMAP
-41.971603,4.9245925,TriMAP
2.9147646,13.879177,TriMAP
26.160986,-6.623206,TriMAP
-30.730528,-9.078003,TriMAP
36.909756,-4.3079343,TriMAP
80.29669,-1.1641951,TriMAP
56.977673,-3.248605,TriMAP
81.54395,-0.1958272,TriMAP
-17.894888,-4.4003005,TriMAP
-26.347303,0.8758032,TriMAP
74.2218,1.2655247,TriMAP
-3.5714567,-4.7852974,TriMAP
-22.505245,-4.279102,TriMAP
-42.001038,6.021917,TriMAP
3.746936,13.188355,TriMAP
-7.0051146,-10.2814455,TriMAP
81.62295,0.42683446,TriMAP
0.35799116,-8.333935,TriMAP
-4.841222,-8.381983,TriMAP
41.701447,-1.2672403,TriMAP
-48.06407,-0.8170899,TriMAP
68.66562,-1.5145899,TriMAP
-38.75158,6.4866405,TriMAP
75.23368,-1.905476,TriMAP
-38.209736,-0.9547802,TriMAP
-25.96374,4.7772117,TriMAP
72.27939,-1.288545,TriMAP
-42.872326,-1.3256621,TriMAP
-39.6986,-6.240737,TriMAP
-7.2754073,8.687263,TriMAP
-14.972834,3.2568474,TriMAP
-7.1017747,8.524542,TriMAP
19.519663,5.3061824,TriMAP
-45.210655,3.5036757,TriMAP
-39.257195,6.117729,TriMAP
2.938473,-10.10636,TriMAP
80.43063,-0.63166445,TriMAP
67.42077,1.694622,TriMAP
5.1564507,8.022466,TriMAP
-29.295216,8.305373,TriMAP
36.393185,-2.6172554,TriMAP
47.094685,1.3082668,TriMAP
55.227047,-3.7343872,TriMAP
-21.742617,9.728304,TriMAP
60.041836000000004,-1.3285224,TriMAP
-20.715727,-0.19606537,TriMAP
55.304935,-3.3627586,TriMAP
-22.246569,-1.1255729,TriMAP
-4.776208,-7.829129,TriMAP
-9.6818075,9.247701,TriMAP
72.299736,-1.2901046,TriMAP
79.26085,-0.53308177,TriMAP
-23.06577,2.2204576,TriMAP
-14.6537485,8.156967,TriMAP
36.782470000000004,-0.5153904,TriMAP
-2.0432281,-1.1856844,TriMAP
-5.791208,1.1279184,TriMAP
24.649805,-5.7980127,TriMAP
-31.815071,-3.0283206,TriMAP
-45.091194,2.233933,TriMAP
-42.751617,-0.82540905,TriMAP
62.47966,-2.5097268,TriMAP
57.906475,0.6237412,TriMAP
46.598587,-2.4080763,TriMAP
-48.8256,0.7453325,TriMAP
-43.1717,-2.3887572,TriMAP
-33.65294,-2.2187407,TriMAP
-46.52818,-2.5978568,TriMAP
67.149345,-3.2839892,TriMAP
9.861542,-4.975023,TriMAP
70.97428,1.1624016,TriMAP
-24.138329,6.9743686,TriMAP
55.62216,3.0358245,TriMAP
-29.850723,-3.9617984,TriMAP
28.108755,-4.688853,TriMAP
24.797401,6.7036667,TriMAP
-24.030401,-2.1333745,TriMAP
-22.381598,3.0460966,TriMAP
-8.520432,7.534394,TriMAP
-44.44728,-2.4940069,TriMAP
-14.887429,-9.794324,TriMAP
73.59618,-1.3663961,TriMAP
60.359062,1.0208951,TriMAP
-26.248037,5.6507573,TriMAP
14.835778,-3.1616714,TriMAP
44.57692,4.8159695,TriMAP
-24.389198,-1.9388185,TriMAP
-6.595198,8.612763,TriMAP
-5.0141625,-2.9068117,TriMAP
66.27454,1.7301939,TriMAP
-32.75939,-2.8902268,TriMAP
29.567928,-5.5459976,TriMAP
-45.147686,-3.2643611,TriMAP
-43.643616,5.38407,TriMAP
81.94808,0.17777032,TriMAP
55.495068,3.161107,TriMAP
68.52882,0.08160296,TriMAP
48.89696,1.5075397,TriMAP
31.14336,-8.402585,TriMAP
-21.231173,-11.462766,TriMAP
4.243196,0.96026134,TriMAP
-28.137747,-0.29926243,TriMAP
-20.350021,3.020513,TriMAP
16.774355,3.4522848,TriMAP
72.08874,1.4290916,TriMAP
-45.05414,-5.093896,TriMAP
-45.880802,3.1685584,TriMAP
76.36601,-0.42117885,TriMAP
0.28870305,-6.1751866,TriMAP
-19.024876,8.806015,TriMAP
-0.0515213,1.2196132,TriMAP
-17.838467,-4.3840995,TriMAP
55.13281,-3.2195756,TriMAP
4.87535,13.134821,TriMAP
-8.8684,10.527411,TriMAP
54.975574,-2.911981,TriMAP
-7.2503996,-8.982325,TriMAP
5.335015,11.040934,TriMAP
70.63608,-2.0154843,TriMAP
-24.562185,-11.002134,TriMAP
-20.195251,2.7109823,TriMAP
-43.859066,5.0906267,TriMAP
-21.67973,9.032125,TriMAP
-5.9368644,-9.113288,TriMAP
-32.86551,-3.2095206,TriMAP
-39.021965,-3.2824564,TriMAP
3.5937705,-3.4564023,TriMAP
-36.59725,-8.395716,TriMAP
-38.86419,7.57029,TriMAP
47.835476,3.197408,TriMAP
-0.26534554,-2.206673,TriMAP
-23.96243,4.9111276,TriMAP
-14.545368,9.739868,TriMAP
43.596386,4.6319046,TriMAP
80.80542,1.1165943,TriMAP
-2.7215524,8.528013,TriMAP
-19.929432,10.330997,TriMAP
-22.105333,-1.3791775,TriMAP
-19.421389,10.877151,TriMAP
61.693104,-3.922945,TriMAP
64.962265,-0.54755855,TriMAP
-24.870104,3.5976446,TriMAP
-39.55706,-4.122475,TriMAP
-20.99259,5.4667597,TriMAP
-21.163353,-11.451487,TriMAP
-38.93234,-6.8291364,TriMAP
-26.797266,-9.998232,TriMAP
-4.137427,10.165473,TriMAP
-40.738426,6.07534,TriMAP
28.32706,-6.848061,TriMAP
56.61768,-4.0314136,TriMAP
24.653196,6.3635616,TriMAP
75.11481,1.3794491,TriMAP
68.33012,1.7952619,TriMAP
50.054073,-1.2767451,TriMAP
-16.215023,-11.321318,TriMAP
-35.53829,-2.3567207,TriMAP
2.3729842,-9.408353,TriMAP
-15.211654,-3.3791292,TriMAP
11.330776,-3.755275,TriMAP
-2.968154,-8.008094,TriMAP
-34.2946,-7.4717336,TriMAP
72.429,-1.5138083,TriMAP
-47.97501,2.3948646,TriMAP
-24.063595,4.4547405,TriMAP
75.17803,1.004555,TriMAP
-39.878414,-8.748012,TriMAP
-28.772419,5.025774,TriMAP
-49.084076,1.1364872,TriMAP
-23.263544,9.990883,TriMAP
7.9909406,-2.3856285,TriMAP
-33.17591,-9.198239,TriMAP
-38.510048,-6.2630515,TriMAP
-41.88259,-8.055706,TriMAP
73.704544,1.1832964,TriMAP
-15.041705,10.695513,TriMAP
57.944668,2.0079243,TriMAP
-37.206356,3.503356,TriMAP
-46.283653,3.0926735,TriMAP
-9.01188,-0.6411123,TriMAP
-5.687885,-9.336524,TriMAP
2.8249938,12.763365,TriMAP
57.702553,2.4043574,TriMAP
-39.805023,3.2666073,TriMAP
68.10072,-2.6588404,TriMAP
4.880721,0.36930555,TriMAP
72.048,-2.4034674,TriMAP
-12.850852,-11.734791,TriMAP
-29.132915,-8.998749,TriMAP
31.242163,-7.0295577,TriMAP
-19.141485,10.644599,TriMAP
-16.373285,-4.7593,TriMAP
46.550003,-0.5185007,TriMAP
-20.418678,2.6739495,TriMAP
72.20858,-0.06277036,TriMAP
-17.76971,0.49763316,TriMAP
-26.184431,-6.774685,TriMAP
-7.1276426,4.9050083,TriMAP
-48.898964,0.6555337,TriMAP
74.42715,1.1059462,TriMAP
-37.8313,-2.0878353,TriMAP
37.410397,-4.359082,TriMAP
0.83527464,4.511894,TriMAP
10.268347,2.140512,TriMAP
-22.455395,-2.3329153,TriMAP
6.0108705,11.713757,TriMAP
-44.140503,-3.1736186,TriMAP
29.147509,-1.19737,TriMAP
-1.0758009,-2.325383,TriMAP
1.7853637,2.5729766,TriMAP
1.8882675,8.668072,TriMAP
-22.719738,-0.9338262,TriMAP
80.821594,-1.3952188,TriMAP
-11.028419,-6.4239798,TriMAP
82.414795,0.3210907,TriMAP
81.75437,1.043235,TriMAP
5.373681,1.4612278,TriMAP
65.05714,1.6167263,TriMAP
35.746906,6.2632995,TriMAP
-20.795877,9.5335819999999991,TriMAP
-28.23429,-3.9298882,TriMAP
9.2531185,11.023348,TriMAP
-46.30728,3.7780137,TriMAP
-30.702877,-3.896061,TriMAP
5.059249,13.186711,TriMAP
-48.274403,0.7240173,TriMAP
15.876232,6.594489,TriMAP
76.56638,1.2376015,TriMAP
4.2478337,12.697463,TriMAP
41.868317,4.429727,TriMAP
-9.702656,-0.36162096,TriMAP
76.30619,0.99070466,TriMAP
62.117188,-2.9951317,TriMAP
71.47826,-2.0761566,TriMAP
34.094906,-7.951175,TriMAP
5.868941,-4.0594044,TriMAP
-24.263659,1.502938,TriMAP
67.606476,1.6467321,TriMAP
34.086853,-8.459224,TriMAP
-31.553988,-3.1977262,TriMAP
-43.81042,-2.7420592,TriMAP
-37.36068,-8.424303,TriMAP
3.7688427,13.434313,TriMAP
39.93425,5.1523957,TriMAP
70.34878,-2.2159803,TriMAP
-28.407719,0.4269544,TriMAP
-46.21279,3.7296128,TriMAP
28.556545,-7.125819,TriMAP
-8.884788,10.040602,TriMAP
-48.689766,0.8701803,TriMAP
31.669174,-4.8513665,TriMAP
36.340923,2.562881,TriMAP
-7.051221,8.626245,TriMAP
-0.7281677,-2.3862522,TriMAP
-25.485645,-11.37282,TriMAP
-23.813303,10.263329,TriMAP
80.992256,0.99795556,TriMAP
-5.895036,5.794462,TriMAP
14.418436,-5.736323,TriMAP
70.7108,1.4910245,TriMAP
4.917044,-3.8668187,TriMAP
-40.372402,-5.6958833,TriMAP
-48.450638,0.39931932,TriMAP
30.70431,-1.8462713,TriMAP
-9.641827,-6.164412,TriMAP
36.649536,-0.121792085,TriMAP
75.11423,1.5982379,TriMAP
-8.655742,-9.20552,TriMAP
-5.904555,-9.009013,TriMAP
32.251656,-6.3363943,TriMAP
37.902237,-8.185927,TriMAP
-17.398676,10.807185,TriMAP
-44.24955,-2.5306582,TriMAP
-10.755943,10.127802,TriMAP
-35.9021,-4.160512,TriMAP
3.1056333,-9.528377,TriMAP
-45.111225,-4.8907304,TriMAP
4.5400605,-3.2743442,TriMAP
21.57253,-0.54716307,TriMAP
-43.50766,-2.060535,TriMAP
-31.98809,-2.74051,TriMAP
32.851597,-7.8766127,TriMAP
28.934679,-3.7649086,TriMAP
-40.49943,-4.934138,TriMAP
-11.299988,-2.6657453,TriMAP
72.04082,1.8192778,TriMAP
-6.6882873,11.124153,TriMAP
-41.905933,5.455076,TriMAP
-8.346873,5.8863025,TriMAP
-4.8719473,1.0822508,TriMAP
1.9708025,-5.2217145,TriMAP
-47.12642,2.0230381,TriMAP
-9.840947,6.010001,TriMAP
-37.463753,3.9998312,TriMAP
-42.13686,-7.396394,TriMAP
4.7680945,-4.1099052,TriMAP
-10.897305,8.637483,TriMAP
-37.080254,0.01963806,TriMAP
-24.863909,3.4492908,TriMAP
-37.918068,5.5886545,TriMAP
-46.58298,3.5714521,TriMAP
-26.67563,0.00989123,TriMAP
19.428972,7.4104695,TriMAP
-29.166208,-4.066833,TriMAP
25.423468,6.4107914,TriMAP
-23.426779,-1.3093184,TriMAP
-47.084625,1.9749995,TriMAP
77.23135,1.1504694,TriMAP
-10.679829,9.001272,TriMAP
-7.1910977,-1.5368738,TriMAP
18.117489,-4.99798,TriMAP
-48.781796,0.3413375,TriMAP
66.63981,2.1027408,TriMAP
25.336742,-3.2352512,TriMAP
-43.57071,5.6487803,TriMAP
3.8837183,5.172136,TriMAP
0.67088836,-7.3589706,TriMAP
68.44426,-2.7342062,TriMAP
-42.152607,-1.2306536,TriMAP
4.895865,13.150789,TriMAP
-46.274036,-2.5795777,TriMAP
8.21248,8.217011,TriMAP
57.686882,0.86550486,TriMAP
-9.007884,3.226917,TriMAP
69.38671,1.7186971,TriMAP
-19.390858,2.8001432,TriMAP
1.2728317,-8.102407,TriMAP
-3.0505397,10.765011,TriMAP
-20.23617,8.536594,TriMAP
-48.328354,1.3384074,TriMAP
-28.115997,-1.7904989,TriMAP
70.12272,-2.7895074,TriMAP
8.505637,7.8582897,TriMAP
-20.429804,10.374744,TriMAP
48.98847,4.420479,TriMAP
-22.811985,-2.0512877,TriMAP
-44.112556,-6.082511,TriMAP
-28.337969,-4.5860286,TriMAP
80.89174,-0.9711021,TriMAP
55.84773,-3.5447314,TriMAP
-20.75104,5.808457,TriMAP
-8.9202585,-9.092354,TriMAP
-39.01255,4.2506986,TriMAP
-41.88084,5.428791,TriMAP
66.63169,0.7965545,TriMAP
-16.176252,-10.8529,TriMAP
45.510307,-2.8002381,TriMAP
39.759754,5.394938,TriMAP
-37.861767,5.291762,TriMAP
58.716164,1.2255623,TriMAP
-19.5199,-5.382676,TriMAP
-0.7030579,-6.7911754,TriMAP
-24.902105,-4.807944,TriMAP
-15.141542,-5.454342,TriMAP
0.58216053,-4.655579,TriMAP
-10.031099,-8.500627,TriMAP
38.124706,5.2999744,TriMAP
-38.5716,5.811288,TriMAP
5.4747,11.040279,TriMAP
-13.575264,8.521144,TriMAP
-25.971056,2.0001197,TriMAP
7.5816717,-4.441702,TriMAP
-42.033817,-2.6322389,TriMAP
-8.809061,-4.7161303,TriMAP
82.26634,0.33720523,TriMAP
-46.135197,0.6331277,TriMAP
-0.7789589,-3.4717615,TriMAP
-19.262184,-11.373491,TriMAP
59.60776,-1.8050852,TriMAP
-41.999195,-7.73262,TriMAP
-25.374025,-0.61159927,TriMAP
-25.216734,8.316983,TriMAP
67.542404,-0.09299858,TriMAP
-7.742139,1.893813,TriMAP
-5.563223,11.288569,TriMAP
3.9088802,13.000135,TriMAP
0.8541572,-7.129816,TriMAP
2.4854596,-5.723993,TriMAP
-40.224674,5.7249174,TriMAP
47.663265,2.1442661,TriMAP
-39.673546,-1.7859999,TriMAP
52.368473,-3.4644742,TriMAP
25.457687,6.931162,TriMAP
60.798035,1.9197919,TriMAP
-0.47236544,-9.725575,TriMAP
71.094826,-2.5456011,TriMAP
7.621824,-10.0514765,TriMAP
34.160854,-6.8526573,TriMAP
79.92311,0.6510083,TriMAP
-9.249335,6.142463,TriMAP
35.861237,-6.9736443,TriMAP
80.7818,0.082968526,TriMAP
27.90127,-7.811824,TriMAP
-10.65089,-7.575269,TriMAP
69.844505,-3.4542253,TriMAP
-27.081766,-1.7206627,TriMAP
16.400986,5.3531265,TriMAP
33.738876,5.1429186,TriMAP
-40.31662,-0.6070595,TriMAP
-43.362698,1.098066,TriMAP
33.930393,-0.35993415,TriMAP
0.47497883,-8.353538,TriMAP
9.631059,-4.8594303,TriMAP
-24.670546,-4.9182043,TriMAP
-43.394596,-1.6785533,TriMAP
-3.4787798,-8.907948,TriMAP
-4.66879,-8.036491,TriMAP
-44.637955,-3.0985112,TriMAP
-13.989294,9.346857,TriMAP
66.626045,1.752043,TriMAP
6.5613317,5.077825,TriMAP
-31.159548,-3.427976,TriMAP
-40.444744,6.861123,TriMAP
44.56726,3.3444319,TriMAP
36.806023,2.3689327,TriMAP
43.825226,-1.9062351,TriMAP
-19.418377,9.585796,TriMAP
-39.35947,5.500704,TriMAP
56.665653,-1.8435647,TriMAP
68.047104,-2.2510154,TriMAP
82.53138,0.993009,TriMAP
41.618614,4.347425,TriMAP
-14.677561,9.964866,TriMAP
28.044754,-4.0890303,TriMAP
-2.128866,-8.874091,TriMAP
-20.854332,6.541616,TriMAP
39.889435,-8.815443,TriMAP
-41.86265,-1.3967501,TriMAP
-21.097525,-0.2805027,TriMAP
-48.662655,1.2348629,TriMAP
-22.577482,6.53582,TriMAP
-12.964527,-2.6147785,TriMAP
32.27061,-3.6672502,TriMAP
-47.901165,-1.6586543,TriMAP
-38.533447,-3.6449902,TriMAP
-21.712107,8.282567,TriMAP
2.0803173,13.27348,TriMAP
31.627884,-5.0131626,TriMAP
3.874107,4.0142255,PaCMAP
-3.311563,-0.93614924,PaCMAP
4.1506686,6.959871,PaCMAP
0.20397522,5.8905773,PaCMAP
-1.9677788,-7.824973,PaCMAP
1.7934552,2.7505314,PaCMAP
1.1007507,8.617432,PaCMAP
-1.1004733,7.073187,PaCMAP
-1.9413177,-2.8284826,PaCMAP
-2.93423,-7.173731,PaCMAP
1.9851621,9.8033285,PaCMAP
-0.9239295,-5.9545894,PaCMAP
4.8612885,8.611832,PaCMAP
3.982805,8.487072,PaCMAP
-1.0642536,4.2150865,PaCMAP
2.3984957,6.0564656,PaCMAP
2.6057837,5.7960973,PaCMAP
-2.4992337,1.6781607,PaCMAP
3.1389806,7.48987,PaCMAP
0.29864788,1.6368427,PaCMAP
-4.794333,-11.491839,PaCMAP
4.6627965,9.192696,PaCMAP
-1.5274923,-6.564662,PaCMAP
-0.5873425,-4.9667816,PaCMAP
1.034484,0.7295493,PaCMAP
3.6514015,-0.207846,PaCMAP
4.412468,7.9875107,PaCMAP
-0.99492866,2.2131596,PaCMAP
2.5409281,1.0365479,PaCMAP
0.113766834,5.206816,PaCMAP
3.8451362,7.384406,PaCMAP
2.5044408,10.355257,PaCMAP
-2.5192802,-10.6396265,PaCMAP
-3.039864,-0.5253826,PaCMAP
-0.19005467,-0.4118491,PaCMAP
-1.3656857,6.9361887,PaCMAP
4.1730723,7.2965503,PaCMAP
-4.189143,-14.2112465,PaCMAP
-1.5888076,6.8655324,PaCMAP
-2.2057717,-9.692905,PaCMAP
-1.5153747,6.5910378,PaCMAP
-1.689758,6.773852,PaCMAP
2.6931884,9.91313,PaCMAP
-4.3947105,-10.857996,PaCMAP
2.9173813,7.782318,PaCMAP
1.1714532,-1.5229608,PaCMAP
4.802726,8.686655,PaCMAP
-1.6952283,-8.464918,PaCMAP
-1.350433,3.6543062,PaCMAP
-0.7460522,-5.4355044,PaCMAP
0.5679464,5.8293595,PaCMAP
1.392217,6.701805,PaCMAP
-3.1025188,-8.33972,PaCMAP
-4.174704,-14.385395,PaCMAP
-2.9359627,-8.97394,PaCMAP
1.1981775,-4.784513,PaCMAP
2.6339757,11.240011,PaCMAP
1.6643517,6.3360558,PaCMAP
2.4897594,9.158516,PaCMAP
-0.69044405,-1.7136981,PaCMAP
-1.0817243,6.7418704,PaCMAP
3.7000582,7.6651063,PaCMAP
2.093463,9.656045,PaCMAP
-3.355851,-0.5813138,PaCMAP
0.8773315,-4.697052,PaCMAP
3.76151,5.6107574,PaCMAP
-0.22467297,-6.1580386,PaCMAP
-4.2193856,-13.765542,PaCMAP
-1.9633497,-9.447326,PaCMAP
-4.2402105,-14.251007,PaCMAP
1.9329786,3.2479804,PaCMAP
0.95577747,5.9027452,PaCMAP
-4.5158873,-11.898089,PaCMAP
2.5758784,0.64718986,PaCMAP
1.8789364,4.0746574,PaCMAP
1.1479905,9.490424,PaCMAP
-3.321107,-0.84448236,PaCMAP
3.9281797,1.3419282,PaCMAP
-4.22195,-14.283603,PaCMAP
3.5733006,0.0984834,PaCMAP
3.467012,1.0286993,PaCMAP
-1.1569718,-6.6466184,PaCMAP
3.1479976,10.891856,PaCMAP
-2.625591,-11.367253,PaCMAP
1.0934867,9.097282,PaCMAP
-4.137502,-12.595814,PaCMAP
3.033869,6.9648104,PaCMAP
-0.354587,5.8967156,PaCMAP
-4.5418735,-11.605214,PaCMAP
4.7244124,8.476607,PaCMAP
3.6029255,7.775176,PaCMAP
-1.5373616,1.9657025,PaCMAP
0.07369616,3.3935776,PaCMAP
-1.4217561,1.620565,PaCMAP
-1.403033,-3.5196557,PaCMAP
2.4791553,10.411516,PaCMAP
1.3670129,8.639667,PaCMAP
3.659672,-0.37075803,PaCMAP
-4.296849,-13.820422,PaCMAP
-4.505611,-10.235324,PaCMAP
-1.9575582,-0.94097894,PaCMAP
-0.3922266,8.227006,PaCMAP
-0.6143081,-6.1224847,PaCMAP
-2.120321,-7.5623627,PaCMAP
-1.8703141,-9.174523,PaCMAP
-1.6086413,4.7794123,PaCMAP
-2.6409738,-9.828345,PaCMAP
-0.7517684,6.7198796,PaCMAP
-1.6502281,-9.8961735,PaCMAP
-0.1064251,6.1095176,PaCMAP
2.759275,0.74563164,PaCMAP
-1.3747151,2.0689669,PaCMAP
-4.5548153,-11.435317,PaCMAP
-4.3313684,-13.287875,PaCMAP
-0.039415684,5.141723,PaCMAP
-1.2324512,2.9853017,PaCMAP
-0.95051944,-6.0647125,PaCMAP
0.8473039,-0.04889806,PaCMAP
0.5727468,0.9557307,PaCMAP
0.16536991,-4.6092777,PaCMAP
2.6490946,4.76076,PaCMAP
2.9851954,9.787466,PaCMAP
3.7732723,8.439177,PaCMAP
-2.538786,-10.848801,PaCMAP
-2.6150875,-9.295531,PaCMAP
-1.4225768,-7.589309,PaCMAP
2.472796,11.295279,PaCMAP
4.485198,8.500524,PaCMAP
2.808658,6.149899,PaCMAP
3.464284,10.390930000000001,PaCMAP
-2.635918,-11.182455,PaCMAP
1.1359651,-1.6805385,PaCMAP
-4.874251,-10.722119,PaCMAP
-1.9033165,6.361867,PaCMAP
-2.9815037,-8.617674,PaCMAP
2.0689301,5.0779967,PaCMAP
0.24666351,-4.832504,PaCMAP
-2.3320653,-3.729618,PaCMAP
0.4821967,6.1089563,PaCMAP
-1.3874927,6.8055305,PaCMAP
-0.93599504,2.0704741,PaCMAP
5.107322,8.976137,PaCMAP
3.4184852,2.119303,PaCMAP
-4.547204,-11.877672,PaCMAP
-3.5952258,-9.451293,PaCMAP
-1.46127,6.8764124,PaCMAP
0.6500904,-2.2336397,PaCMAP
-3.103648,-7.1888943,PaCMAP
0.8789438,5.929778,PaCMAP
-1.366598,1.5651973,PaCMAP
2.398782,0.9438732,PaCMAP
-4.430402,-10.351956,PaCMAP
2.6617484,5.6251216,PaCMAP
0.4630196,-5.1126556,PaCMAP
4.679593,9.477083,PaCMAP
2.0281808,10.033859,PaCMAP
-4.227612,-14.215938,PaCMAP
-3.0079696,-8.513888,PaCMAP
-2.855955,-11.877566,PaCMAP
-2.3648655,-7.7469444,PaCMAP
1.3239726,-4.81996,PaCMAP
3.9960737,3.11644,PaCMAP
-2.1017811,-1.1858472,PaCMAP
1.621083,6.421265,PaCMAP
-1.5089692,6.765624,PaCMAP
-1.374318,-2.7812052,PaCMAP
-4.66412,-11.298103,PaCMAP
4.1572437,9.455676,PaCMAP
2.4014003,10.422305,PaCMAP
-4.6571193,-12.220216,PaCMAP
2.577486,0.2061154,PaCMAP
-1.3849103,3.5511558,PaCMAP
0.303819,-0.04769212,PaCMAP
1.8874972,3.1012335,PaCMAP
-1.7811786,-8.878832,PaCMAP
-3.2008214,-1.1576858,PaCMAP
-1.6080943,1.9274282,PaCMAP
-1.731739,-8.842397,PaCMAP
3.5810616,1.3211325,PaCMAP
-2.8570955,-1.1793976,PaCMAP
-4.287916,-11.573794,PaCMAP
4.041188,3.6388113,PaCMAP
-1.3042217,6.926681,PaCMAP
2.0894015,10.219032,PaCMAP
-1.8442291,5.5509267,PaCMAP
3.8707612,1.1811473,PaCMAP
3.0419064,5.7464867,PaCMAP
3.8655162,7.1656923,PaCMAP
0.67997146,-0.5836505,PaCMAP
4.1762967,6.8316445,PaCMAP
0.5907914,9.384522,PaCMAP
-2.6096299,-7.3557644,PaCMAP
1.0944804,-0.33695108,PaCMAP
-0.31919688,5.161407,PaCMAP
-1.3778372,3.1314838,PaCMAP
-2.713891,-6.644421,PaCMAP
-4.121705,-13.679943,PaCMAP
-1.7095549,1.3497232,PaCMAP
-1.8220382,4.51373,PaCMAP
-0.29047653,6.339526,PaCMAP
-1.5262768,3.4248013,PaCMAP
-2.337095,-10.298383,PaCMAP
-2.9247823,-10.991294,PaCMAP
-1.5078259,6.8568163,PaCMAP
4.119854,7.334303,PaCMAP
-1.7456012,6.653749,PaCMAP
3.9394584,3.114311,PaCMAP
3.4130154,7.4649034,PaCMAP
3.7611012,4.3602567,PaCMAP
-1.9313655,1.5800442,PaCMAP
1.7588335,9.75698,PaCMAP
0.9945851,-4.615122,PaCMAP
-1.8362173,-9.608536,PaCMAP
-2.3672395,-3.8340895,PaCMAP
-3.881807,-12.405379,PaCMAP
-4.7296457,-10.280499,PaCMAP
-2.0274153,-8.236065,PaCMAP
3.9687562,2.402951,PaCMAP
3.410987,6.749352,PaCMAP
3.8560858,0.020883163,PaCMAP
1.5869372,2.9669783,PaCMAP
0.8228168,-1.8782974,PaCMAP
3.1005838,0.6939737,PaCMAP
3.5835986,6.5742016,PaCMAP
-4.4542294,-11.786097,PaCMAP
2.3327193,10.985975,PaCMAP
-0.40423235,4.86686,PaCMAP
-3.3880544,-12.42482,PaCMAP
4.3501086,7.6900377,PaCMAP
0.57102346,5.2513323,PaCMAP
2.2224507,11.341424,PaCMAP
-1.2740188,4.6462326,PaCMAP
0.30893558,-1.6979257,PaCMAP
4.3203115,6.028516,PaCMAP
4.107167,7.2354198,PaCMAP
4.1917915,8.071176,PaCMAP
-4.822841,-11.505142,PaCMAP
-2.168681,2.6519673,PaCMAP
-2.8458936,-8.102602,PaCMAP
1.6039674,7.7790146,PaCMAP
2.669707,10.502119,PaCMAP
1.021231,1.7547406,PaCMAP
3.886785,1.1405914,PaCMAP
-3.2262943,-0.5145351,PaCMAP
-3.1244924,-9.370509,PaCMAP
1.9521829,8.513128,PaCMAP
-2.724522,-11.1473,PaCMAP
0.23136297,-0.7905118,PaCMAP
-4.2211995,-12.253446,PaCMAP
4.0009155,2.3145318,PaCMAP
3.775041,5.4324718,PaCMAP
0.9529033,-5.0476403,PaCMAP
-1.5798019,3.6471665,PaCMAP
1.8434857,2.9457319,PaCMAP
-2.0347128,-7.6166835,PaCMAP
-1.3492454,6.8425994,PaCMAP
-4.6861196,-11.560178,PaCMAP
-1.2758123,6.750733,PaCMAP
3.1436765,5.0162015,PaCMAP
-0.34834886,1.3361995,PaCMAP
2.7908719,11.334016,PaCMAP
-3.3456075,-12.1380205,PaCMAP
2.99604,6.770177,PaCMAP
-0.3836977,-6.0394077,PaCMAP
-0.7842901,0.06259201,PaCMAP
-0.045646165,-1.3162807,PaCMAP
1.3601648,4.232994,PaCMAP
-2.837335,-1.1919738,PaCMAP
5.042763,8.794496,PaCMAP
-0.3950954,-4.83238,PaCMAP
1.0572753,0.072327025,PaCMAP
-0.96658844,-0.53896946,PaCMAP
-1.8614924,1.1916357,PaCMAP
-0.3215577,6.427592,PaCMAP
-4.268427,-13.910967,PaCMAP
2.6693141,2.0658581,PaCMAP
-4.2542686,-14.51148,PaCMAP
-4.194194,-14.297671,PaCMAP
-0.29810524,-0.8965294,PaCMAP
-4.265376,-9.935882,PaCMAP
-2.909724,-4.9825506,PaCMAP
-1.1743164,4.35081,PaCMAP
2.0840063,4.634871,PaCMAP
-2.9668736,-1.6723701,PaCMAP
1.3590206,10.334135,PaCMAP
2.723463,4.92004,PaCMAP
-3.2050352,-1.1164484,PaCMAP
3.0943623,10.926395,PaCMAP
-2.2063787,-3.2185156,PaCMAP
-3.7868674,-13.1670265,PaCMAP
-3.3162668,-0.8003134,PaCMAP
-2.5613966,-6.2625275,PaCMAP
1.1192242,1.76603,PaCMAP
-3.8023908,-12.958542,PaCMAP
-2.631588,-9.748935,PaCMAP
-4.2219887,-11.741664,PaCMAP
1.3668299,-5.2993884,PaCMAP
1.3088738,-0.8988426,PaCMAP
0.42865708,5.2750325,PaCMAP
-4.6099443,-10.448754,PaCMAP
1.3040229,-5.155846,PaCMAP
2.768217,5.018161,PaCMAP
4.897241,8.829569,PaCMAP
3.9444406,7.1430707,PaCMAP
-3.3452535,-0.7658126,PaCMAP
-2.7435684,-5.87389,PaCMAP
-4.1865954,-11.2055235,PaCMAP
0.9896227,5.972611,PaCMAP
1.9001963,10.363053,PaCMAP
1.0514331,-4.923648,PaCMAP
-1.7907254,2.3333514,PaCMAP
2.5003326,11.176695,PaCMAP
-0.04486532,-5.326301,PaCMAP
-1.8847761,-5.5398235,PaCMAP
-1.4008967,1.7602047,PaCMAP
1.1669108,-0.4447909,PaCMAP
4.0329895,3.709629,PaCMAP
-1.4044619,4.612911,PaCMAP
-4.132018,-14.057444,PaCMAP
-1.1233896,1.3180059,PaCMAP
1.0971333,-2.4436293,PaCMAP
-4.660164,-10.983905,PaCMAP
1.242931,-0.93698317,PaCMAP
3.8893769,7.476519,PaCMAP
2.695333,11.134139,PaCMAP
-0.3542284,-5.085926,PaCMAP
2.4788938,1.5202563,PaCMAP
-0.9847233,-5.8118854,PaCMAP
-4.216524,-12.219638,PaCMAP
3.924354,1.374375,PaCMAP
3.9884048,1.0431303,PaCMAP
0.3424814,-5.431294,PaCMAP
1.3617222,-5.4451003,PaCMAP
-2.061841,3.5067072,PaCMAP
5.105539,8.854859,PaCMAP
-2.040683,2.5161326,PaCMAP
3.3351595,6.257174,PaCMAP
3.8889306,-0.2767266,PaCMAP
4.225133,9.378938,PaCMAP
1.1224849,-0.9748739,PaCMAP
-0.52816844,-3.7867115,PaCMAP
5.0420504,8.70306,PaCMAP
2.0906336,4.1052675,PaCMAP
1.1504084,-5.1377716,PaCMAP
0.16934438,-5.0168486,PaCMAP
4.092978,7.7048435,PaCMAP
1.1051534,2.3265522,PaCMAP
-4.1726584,-11.265937,PaCMAP
-2.1007354,2.011068,PaCMAP
1.5767775,9.594318,PaCMAP
-1.0379697,1.8376591,PaCMAP
0.69119835,0.78330314,PaCMAP
1.8669535,-0.37900254,PaCMAP
2.033936,11.226053,PaCMAP
-0.8226955,2.302885,PaCMAP
1.5223951,8.051253,PaCMAP
4.1905785,8.570686,PaCMAP
1.1670094,-0.7845916,PaCMAP
-1.1825923,2.1549232,PaCMAP
2.725459,6.4103446,PaCMAP
-0.06387329,5.0579586,PaCMAP
1.2632481,8.190377,PaCMAP
2.3445907,10.674544,PaCMAP
0.81147856,5.1745553,PaCMAP
-2.4044025,-3.3339477,PaCMAP
2.2893646,4.691889,PaCMAP
-2.345196,-3.9728503,PaCMAP
0.18862455,6.082562,PaCMAP
2.6875904,10.783234,PaCMAP
-4.0740604,-12.976196,PaCMAP
-1.3747296,2.2759497,PaCMAP
1.2061121,1.6317415,PaCMAP
0.8595109,-2.990068,PaCMAP
2.8749998,11.133433,PaCMAP
-4.4359183,-9.950559,PaCMAP
-0.045496956,-4.9383197,PaCMAP
1.5718429,10.03045,PaCMAP
-0.8490128,-0.13753712,PaCMAP
2.920586,-0.0859391,PaCMAP
-2.9669375,-11.025416,PaCMAP
4.1092916,8.299973,PaCMAP
-3.178319,-1.0597967,PaCMAP
4.122359,10.023604,PaCMAP
-2.1185343,-1.387711,PaCMAP
-2.5281482,-9.4941845,PaCMAP
-0.046672408,2.1599188,PaCMAP
-4.7169204,-10.492298,PaCMAP
-0.788795,6.155888,PaCMAP
3.1783357,-0.10227987,PaCMAP
-2.218252,1.6192213,PaCMAP
-0.7135792,4.0723486,PaCMAP
2.5659933,11.207634,PaCMAP
1.9027333,5.0503182,PaCMAP
-3.8990417,-11.7938385,PaCMAP
-2.2824502,-1.5611022,PaCMAP
-1.683089,4.2740483,PaCMAP
-3.103169,-7.918741,PaCMAP
1.8144283,3.9765906,PaCMAP
3.9376488,9.745809,PaCMAP
2.4063804,4.238259,PaCMAP
-4.237309,-13.856275,PaCMAP
-1.7818127,-8.995373,PaCMAP
-1.9075438,6.123329,PaCMAP
3.8927255,1.577446,PaCMAP
2.3202245,8.595261,PaCMAP
1.780632,9.413218,PaCMAP
-4.1135416,-10.152653,PaCMAP
3.8831978,2.5765758,PaCMAP
-1.3273968,-7.667031,PaCMAP
-2.8531396,-5.8678107,PaCMAP
1.4089262,8.205677,PaCMAP
-3.401511,-9.075037,PaCMAP
2.2822008,3.3213918,PaCMAP
2.4185622,0.01607547,PaCMAP
0.77352464,5.980035,PaCMAP
2.3831415,2.4103923,PaCMAP
1.9246328,0.1016206,PaCMAP
3.1447673,1.5916657,PaCMAP
-2.6114342,-5.428572,PaCMAP
1.4744018,8.485582,PaCMAP
-2.6793044,-1.2378079,PaCMAP
-1.0496005,2.9976227,PaCMAP
0.50420487,5.6263337,PaCMAP
1.1920311,-1.374873,PaCMAP
4.235508,8.220513,PaCMAP
2.1230714,1.6557182,PaCMAP
-4.240358,-14.311196,PaCMAP
3.2379017,10.172567,PaCMAP
1.6268392,0.1859398,PaCMAP
3.9297206,2.847447,PaCMAP
-2.1684406,-9.764217,PaCMAP
4.24124,8.202584,PaCMAP
0.86369056,5.7221885,PaCMAP
-1.8224341,6.1092596,PaCMAP
-4.2448993,-10.203899,PaCMAP
0.55960363,1.6416959,PaCMAP
-2.0994244,2.4707165,PaCMAP
-3.3325076,-0.82673824,PaCMAP
2.451356,-0.20858283,PaCMAP
1.8232921,-0.570624,PaCMAP
1.5160719,8.889725,PaCMAP
-2.0967906,-7.185086,PaCMAP
3.6221886,7.6733007,PaCMAP
-1.4767329,-8.350675,PaCMAP
-2.262714,-4.2033944,PaCMAP
-3.4421582,-9.657325,PaCMAP
3.325736,0.43402076,PaCMAP
-4.165418,-11.647994,PaCMAP
3.9144492,-0.46295297,PaCMAP
0.8863956,-5.428178,PaCMAP
-3.9947824,-13.308785,PaCMAP
-0.6242582,1.8385003,PaCMAP
1.2262034,-5.4171386,PaCMAP
-4.1793423,-13.888618,PaCMAP
1.1882379,-4.776418,PaCMAP
2.5667906,1.4562453,PaCMAP
-3.9502628,-11.849195,PaCMAP
1.6657603,6.5196104,PaCMAP
-2.103744,-3.1156502,PaCMAP
-2.5207958,-4.956748,PaCMAP
3.4235592,8.379257,PaCMAP
3.0939713,9.44758,PaCMAP
-0.7292906,-5.5569625,PaCMAP
3.867956,0.3980013,PaCMAP
1.2239802,-1.5533303,PaCMAP
1.7087361,5.4707966,PaCMAP
5.1231427,8.632583,PaCMAP
3.4560657,0.9373287,PaCMAP
3.4383287,1.0390761,PaCMAP
4.8663163,8.993624,PaCMAP
-1.3636248,2.7825117,PaCMAP
-4.199456,-9.8723755,PaCMAP
-0.9755698,-0.9870663,PaCMAP
2.6129403,4.4866076,PaCMAP
1.2399051,9.569253,PaCMAP
-2.1532974,-6.7366905,PaCMAP
-1.610962,-6.320503,PaCMAP
-1.3203548,-7.2706423,PaCMAP
-1.8057129,4.613348,PaCMAP
1.3138503,8.609466,PaCMAP
-2.0521977,-9.399212,PaCMAP
-2.7838223,-11.454539,PaCMAP
-4.2277718,-14.448246,PaCMAP
-2.5051007,-6.0099034,PaCMAP
-1.5976043,3.4059875,PaCMAP
-0.030788984,-5.054081,PaCMAP
4.0896096,0.9530297,PaCMAP
-0.4002581,4.3578033,PaCMAP
1.4507517,-5.380507,PaCMAP
4.392909,8.213593,PaCMAP
-0.39912012,6.0750694,PaCMAP
2.3700724,11.400022,PaCMAP
-1.905677,6.470155,PaCMAP
1.4932327,2.5805128,PaCMAP
-0.25849876,-5.722024,PaCMAP
3.5866323,10.578903,PaCMAP
2.7442791,7.7137723,PaCMAP
-1.9807044,5.6256084,PaCMAP
-3.378236,-0.5964299,PaCMAP
0.12280226,-5.297846,PaCMAP
